,cubic,orthorhombic,trigonal,hexagonal,tetragonal,monoclinic,triclinic
-30,1.163908679,0.329138163,0.927768602,0.976069161,0.719418263,1.264706932,1.329689161
-29,1.163908679,0.329138163,0.927768602,0.976069161,0.719418263,1.264706932,1.329689161
-28,1.163908679,0.329138163,0.927768602,0.976069161,0.719418263,1.264706932,1.329689161
-27,1.163908679,0.329138163,0.927768602,0.976069161,0.719418263,1.264706932,1.329689161
-26,1.163908679,0.329138163,0.927768602,0.976069161,0.719418263,1.264706932,1.329689161
-25,1.163908679,0.329138163,0.927768602,0.976069161,0.719418263,1.264706932,1.329689161
-24,1.163908679,0.329138163,0.927768602,0.976069161,0.719418263,1.264706932,1.329689161
-23,1.163908679,0.329138163,0.927768602,0.976069161,0.719418263,1.264706932,1.329689161
-22,1.163908679,0.329138163,0.927768602,0.976069161,0.719418263,1.264706932,1.329689161
-21,1.163908679,0.329138163,0.927768602,0.976069161,0.719418263,1.264706932,1.329689161
-20,1.163908679,0.329138163,0.927768602,0.976069161,0.719418263,1.264706932,1.329689161
-19,1.163908679,0.329138163,0.927768602,0.976069161,0.719418263,1.264706932,1.329689161
-18,1.163908679,0.329138163,0.927768602,0.976069161,0.719418263,1.264706932,1.329689161
-17,1.163908679,0.329138163,0.927768602,0.976069161,0.719418263,1.264706932,1.329689161
-16,1.163908679,0.329138163,0.927768602,0.976069161,0.719418263,1.264706932,1.329689161
-15,1.163908679,0.329138163,0.927768602,0.976069161,0.719418263,1.264706932,1.329689161
-14,1.163908679,0.329138163,0.927768602,0.976069161,0.719418263,1.264706932,1.329689161
-13,1.163908679,0.329138163,0.927768602,0.976069161,0.719418263,1.264706932,1.329689161
-12,1.163908679,0.329138163,0.927768602,0.976069161,0.719418263,1.264706932,1.329689161
-11,1.163908679,0.329138163,0.927768602,0.976069161,0.719418263,1.264706932,1.329689161
-10,1.163908679,0.329138163,0.927768602,0.976069161,0.719418263,1.264706932,1.329689161
-9,1.163908679,0.329138163,0.927768602,0.976069161,0.719418263,1.264706932,1.329689161
-8,1.163908679,0.329138163,0.927768602,0.976069161,0.719418263,1.264706932,1.329689161
-7,1.163908679,0.329138163,0.927768602,0.976069161,0.719418263,1.264706932,1.329689161
-6,1.163908679,0.329138163,0.927768602,0.976069161,0.719418263,1.264706932,1.329689161
-5,1.163908679,0.329138163,0.927768602,0.976069161,0.719418263,1.264706932,1.329689161
-4,1.163908679,0.329138163,0.927768602,0.976069161,0.719418263,1.264706932,1.329689161
-3,1.163908679,0.329138163,0.927768602,0.976069161,0.719418263,1.264706932,1.329689161
-2,1.163908679,0.329138163,0.927768602,0.976069161,0.719418263,1.264706932,1.329689161
-1,1.163908679,0.329138163,0.927768602,0.976069161,0.719418263,1.264706932,1.329689161
0,1.163908679,0.329138163,0.927768602,0.976069161,0.719418263,1.264706932,1.329689161
1,1.163908679,0.711689382,0.927768602,0.976069161,0.719418263,1.264706932,1.329689161
2,1.163908679,0.675516958,0.927768602,0.976069161,0.719418263,1.264706932,1.329689161
3,1.163908679,0.734083138,0.927768602,0.976069161,0.719418263,1.264706932,1.329689161
4,1.163908679,0.734083138,0.927768602,0.976069161,0.889701907,1.264706932,1.329689161
5,1.163908679,0.755876851,0.927768602,0.976069161,0.889701907,1.264706932,1.329689161
6,1.163908679,0.783780343,0.927768602,0.976069161,0.889701907,1.264706932,1.329689161
7,1.163908679,0.831480459,0.927768602,0.976069161,0.889701907,1.264706932,1.329689161
8,1.163908679,0.932904593,0.927768602,0.976069161,0.889701907,1.264706932,1.329689161
9,1.163908679,0.932904593,0.927768602,0.976069161,0.96260562,1.264706932,1.329689161
10,1.163908679,0.932904593,1.005446006,0.976069161,0.96260562,1.264706932,1.329689161
11,1.163908679,0.904030164,1.005446006,0.976069161,0.96260562,1.264706932,1.329689161
12,1.163908679,0.950687479,1.005446006,0.976069161,0.96260562,1.264706932,1.329689161
13,1.163908679,1.093334086,1.005446006,0.976069161,0.96260562,1.264706932,1.329689161
14,1.163908679,1.093334086,1.005446006,0.976069161,0.974200482,1.264706932,1.329689161
15,1.163908679,1.093334086,1.005446006,0.976069161,0.98878342,1.264706932,1.329689161
16,1.163908679,1.093334086,1.005446006,0.99967821,0.98878342,1.264706932,1.329689161
17,1.163908679,1.093334086,1.005446006,0.99967821,0.999802548,1.264706932,1.329689161
18,1.163908679,1.093334086,1.005446006,1.014700588,0.999802548,1.264706932,1.329689161
19,1.163908679,1.093334086,1.005446006,1.014700588,1.007836563,1.264706932,1.329689161
20,1.163908679,1.093334086,1.066024854,1.014700588,1.007836563,1.264706932,1.329689161
21,1.163908679,1.093334086,1.066024854,1.014700588,1.017693822,1.264706932,1.329689161
22,1.163908679,1.093334086,1.066024854,1.040492706,1.017693822,1.264706932,1.329689161
23,1.163908679,1.093334086,1.066024854,1.040492706,1.026794396,1.264706932,1.329689161
24,1.163908679,1.093334086,1.066024854,1.040492706,1.036076129,1.264706932,1.329689161
25,1.163908679,1.093334086,1.066024854,1.040492706,1.044420574,1.264706932,1.329689161
26,1.163908679,1.093334086,1.066024854,1.160985918,1.044420574,1.264706932,1.329689161
27,1.163908679,1.093334086,1.066024854,1.160985918,1.054980968,1.264706932,1.329689161
28,1.163908679,1.093334086,1.066024854,1.160985918,1.070116279,1.264706932,1.329689161
29,1.163908679,1.093334086,1.140703324,1.160985918,1.070116279,1.264706932,1.329689161
30,1.163908679,1.093334086,1.140703324,1.160985918,1.078264943,1.264706932,1.329689161
31,1.163908679,1.093334086,1.140703324,1.160985918,1.085813126,1.264706932,1.329689161
32,1.163908679,1.093334086,1.140703324,1.160985918,1.096700931,1.264706932,1.329689161
33,1.163908679,1.156491501,1.140703324,1.160985918,1.096700931,1.264706932,1.329689161
34,1.163908679,1.156491501,1.140703324,1.160985918,1.104830629,1.264706932,1.329689161
35,1.163908679,1.156491501,1.140703324,1.160985918,1.111906879,1.264706932,1.329689161
36,1.163908679,1.156491501,1.140703324,1.160985918,1.121796552,1.264706932,1.329689161
37,1.163908679,1.156491501,1.140703324,1.160985918,1.128167573,1.264706932,1.329689161
38,1.163908679,1.156491501,1.140703324,1.160985918,1.134178414,1.264706932,1.329689161
39,1.163908679,1.156491501,1.140703324,1.160985918,1.140724039,1.264706932,1.329689161
40,1.163908679,1.156491501,1.153797971,1.160985918,1.140724039,1.264706932,1.329689161
41,1.163908679,1.156491501,1.153797971,1.160985918,1.146919408,1.264706932,1.329689161
42,1.163908679,1.156491501,1.153797971,1.160985918,1.15192639,1.264706932,1.329689161
43,1.163908679,1.156491501,1.153797971,1.160985918,1.162428451,1.264706932,1.329689161
44,1.163908679,1.156491501,1.164164081,1.160985918,1.162428451,1.264706932,1.329689161
45,1.163908679,1.290503707,1.164164081,1.160985918,1.162428451,1.264706932,1.329689161
46,1.163908679,1.290503707,1.164164081,1.152817851,1.162428451,1.264706932,1.329689161
47,1.163908679,1.290503707,1.164164081,1.162784677,1.162428451,1.264706932,1.329689161
48,1.163908679,1.290503707,1.164164081,1.162784677,1.172090157,1.264706932,1.329689161
49,1.163908679,1.290503707,1.164164081,1.174743741,1.172090157,1.264706932,1.329689161
50,1.174154025,1.290503707,1.164164081,1.174743741,1.172090157,1.264706932,1.329689161
51,1.174154025,1.290503707,1.176311753,1.174743741,1.172090157,1.264706932,1.329689161
52,1.174154025,1.290503707,1.176311753,1.174743741,1.178225809,1.264706932,1.329689161
53,1.180987218,1.290503707,1.176311753,1.174743741,1.178225809,1.264706932,1.329689161
54,1.180987218,1.290503707,1.176311753,1.192643315,1.178225809,1.264706932,1.329689161
55,1.180987218,1.290503707,1.187578148,1.192643315,1.178225809,1.264706932,1.329689161
56,1.180987218,1.290503707,1.187578148,1.192643315,1.185409559,1.264706932,1.329689161
57,1.187694689,1.290503707,1.187578148,1.192643315,1.185409559,1.264706932,1.329689161
58,1.187694689,1.290503707,1.187578148,1.192643315,1.19057571,1.264706932,1.329689161
59,1.187694689,1.290503707,1.197782875,1.192643315,1.19057571,1.264706932,1.329689161
60,1.194364316,1.290503707,1.197782875,1.192643315,1.19057571,1.264706932,1.329689161
61,1.194364316,1.290503707,1.197782875,1.192643315,1.19613443,1.264706932,1.329689161
62,1.194364316,1.290503707,1.197782875,1.210655011,1.19613443,1.264706932,1.329689161
63,1.201069175,1.290503707,1.197782875,1.210655011,1.19613443,1.264706932,1.329689161
64,1.201069175,1.290503707,1.197782875,1.210655011,1.201505703,1.264706932,1.329689161
65,1.201069175,1.290503707,1.206635724,1.210655011,1.201505703,1.264706932,1.329689161
66,1.207921555,1.290503707,1.206635724,1.210655011,1.201505703,1.264706932,1.329689161
67,1.207921555,1.290503707,1.206635724,1.210655011,1.213729363,1.264706932,1.329689161
68,1.207921555,1.290503707,1.216201121,1.210655011,1.213729363,1.264706932,1.329689161
69,1.214062148,1.290503707,1.216201121,1.210655011,1.213729363,1.264706932,1.329689161
70,1.214062148,1.290503707,1.216201121,1.227534602,1.213729363,1.264706932,1.329689161
71,1.214062148,1.290503707,1.216201121,1.227534602,1.218796472,1.264706932,1.329689161
72,1.22027623,1.290503707,1.216201121,1.227534602,1.218796472,1.264706932,1.329689161
73,1.22027623,1.290503707,1.229121737,1.227534602,1.218796472,1.264706932,1.329689161
74,1.22027623,1.290503707,1.229121737,1.227534602,1.22376321,1.264706932,1.329689161
75,1.226280912,1.290503707,1.229121737,1.227534602,1.22376321,1.264706932,1.329689161
76,1.226280912,1.290503707,1.229121737,1.227534602,1.228576291,1.264706932,1.329689161
77,1.232152389,1.290503707,1.229121737,1.227534602,1.228576291,1.264706932,1.329689161
78,1.232152389,1.290503707,1.229121737,1.232814774,1.228576291,1.264706932,1.329689161
79,1.232152389,1.290503707,1.229121737,1.232814774,1.23331844,1.264706932,1.329689161
80,1.232152389,1.290503707,1.236514451,1.232814774,1.23331844,1.264706932,1.329689161
81,1.237853407,1.290503707,1.236514451,1.232814774,1.23331844,1.264706932,1.329689161
82,1.237853407,1.290503707,1.236514451,1.244705091,1.23331844,1.264706932,1.329689161
83,1.237853407,1.290503707,1.236514451,1.244705091,1.237936996,1.264706932,1.329689161
84,1.237853407,1.290503707,1.243789009,1.244705091,1.237936996,1.264706932,1.329689161
85,1.243365906,1.290503707,1.243789009,1.244705091,1.237936996,1.264706932,1.329689161
86,1.243365906,1.290503707,1.243789009,1.244705091,1.242460474,1.264706932,1.329689161
87,1.243365906,1.290503707,1.243789009,1.244705091,1.246862841,1.264706932,1.329689161
88,1.248772625,1.290503707,1.243789009,1.244705091,1.246862841,1.264706932,1.329689161
89,1.248772625,1.290503707,1.24872627,1.244705091,1.246862841,1.264706932,1.329689161
90,1.248772625,1.290503707,1.24872627,1.255431208,1.246862841,1.264706932,1.329689161
91,1.248772625,1.290503707,1.24872627,1.255431208,1.25342001,1.264706932,1.329689161
92,1.248772625,1.290503707,1.254947831,1.255431208,1.25342001,1.264706932,1.329689161
93,1.253825813,1.290503707,1.254947831,1.255431208,1.25342001,1.264706932,1.329689161
94,1.253825813,1.290503707,1.254947831,1.255431208,1.25925572,1.264706932,1.329689161
95,1.260474823,1.290503707,1.254947831,1.255431208,1.25925572,1.264706932,1.329689161
96,1.260474823,1.290503707,1.260429213,1.255431208,1.25925572,1.264706932,1.329689161
97,1.260474823,1.290503707,1.260429213,1.265811645,1.25925572,1.264706932,1.329689161
98,1.260474823,1.290503707,1.260429213,1.265811645,1.26344904,1.264706932,1.329689161
99,1.260474823,1.290503707,1.266379623,1.265811645,1.26344904,1.264706932,1.329689161
100,1.267269904,1.290503707,1.266379623,1.265811645,1.26344904,1.264706932,1.329689161
101,1.267269904,1.290503707,1.266379623,1.265811645,1.267368717,1.264706932,1.329689161
102,1.267269904,1.290503707,1.266379623,1.265811645,1.267368717,1.290919532,1.329689161
103,1.267269904,1.290503707,1.266379623,1.267383471,1.267368717,1.290919532,1.329689161
104,1.267269904,1.290503707,1.271712308,1.267383471,1.267368717,1.290919532,1.329689161
105,1.271273423,1.290503707,1.271712308,1.267383471,1.267368717,1.290919532,1.329689161
106,1.271273423,1.290503707,1.271712308,1.267383471,1.270180415,1.290919532,1.329689161
107,1.271273423,1.290503707,1.271712308,1.265145832,1.270180415,1.290919532,1.329689161
108,1.271273423,1.290503707,1.271712308,1.274579645,1.270180415,1.290919532,1.329689161
109,1.271273423,1.290503707,1.271712308,1.274579645,1.274092765,1.290919532,1.329689161
110,1.276477856,1.290503707,1.271712308,1.274579645,1.274092765,1.290919532,1.329689161
111,1.276477856,1.290503707,1.276556967,1.274579645,1.274092765,1.290919532,1.329689161
112,1.276477856,1.290503707,1.276556967,1.274579645,1.278122911,1.290919532,1.329689161
113,1.276477856,1.290503707,1.276556967,1.282789589,1.278122911,1.290919532,1.329689161
114,1.281485627,1.290503707,1.276556967,1.282789589,1.278122911,1.290919532,1.329689161
115,1.281485627,1.290503707,1.281280633,1.282789589,1.278122911,1.290919532,1.329689161
116,1.281485627,1.290503707,1.281280633,1.282789589,1.281831665,1.290919532,1.329689161
117,1.281485627,1.290503707,1.285306044,1.282789589,1.281831665,1.290919532,1.329689161
118,1.285201793,1.290503707,1.285306044,1.282789589,1.281831665,1.290919532,1.329689161
119,1.285201793,1.290503707,1.285306044,1.282789589,1.287761971,1.290919532,1.329689161
120,1.285201793,1.290503707,1.285306044,1.294929491,1.287761971,1.290919532,1.329689161
121,1.288550153,1.290503707,1.285306044,1.294929491,1.287761971,1.290919532,1.329689161
122,1.288550153,1.290503707,1.289813599,1.294929491,1.287761971,1.290919532,1.329689161
123,1.288550153,1.290503707,1.289813599,1.294929491,1.292772533,1.290919532,1.329689161
124,1.292800469,1.290503707,1.289813599,1.294929491,1.292772533,1.290919532,1.329689161
125,1.292800469,1.290503707,1.293971684,1.294929491,1.292772533,1.290919532,1.329689161
126,1.292800469,1.378487353,1.293971684,1.294929491,1.292772533,1.290919532,1.329689161
127,1.292800469,1.378487353,1.293971684,1.294929491,1.292772533,1.297668833,1.329689161
128,1.292800469,1.378487353,1.293971684,1.294929491,1.294707242,1.297668833,1.329689161
129,1.297764364,1.378487353,1.293971684,1.294929491,1.294707242,1.297668833,1.329689161
130,1.297764364,1.378487353,1.298019166,1.294929491,1.294707242,1.297668833,1.329689161
131,1.297764364,1.378487353,1.298019166,1.294929491,1.298490038,1.297668833,1.329689161
132,1.297764364,1.378487353,1.298019166,1.30749428,1.298490038,1.297668833,1.329689161
133,1.297764364,1.378487353,1.298019166,1.30749428,1.298490038,1.335184694,1.329689161
134,1.300097974,1.378487353,1.298019166,1.30749428,1.298490038,1.335184694,1.329689161
135,1.300097974,1.378487353,1.306361649,1.30749428,1.298490038,1.335184694,1.329689161
136,1.300097974,1.378487353,1.306361649,1.30749428,1.303464664,1.335184694,1.329689161
137,1.303885973,1.378487353,1.306361649,1.30749428,1.303464664,1.335184694,1.329689161
138,1.303885973,1.378487353,1.306361649,1.30749428,1.308157596,1.335184694,1.329689161
139,1.307706365,1.378487353,1.306361649,1.30749428,1.308157596,1.335184694,1.329689161
140,1.307706365,1.378487353,1.312225769,1.30749428,1.308157596,1.335184694,1.329689161
141,1.307706365,1.378487353,1.312225769,1.315366948,1.308157596,1.335184694,1.329689161
142,1.311484101,1.378487353,1.312225769,1.315366948,1.308157596,1.335184694,1.329689161
143,1.311484101,1.378487353,1.312225769,1.315366948,1.312393901,1.335184694,1.329689161
144,1.315219004,1.378487353,1.312225769,1.315366948,1.312393901,1.335184694,1.329689161
145,1.315219004,1.378487353,1.315671034,1.315366948,1.312393901,1.335184694,1.329689161
146,1.315219004,1.378487353,1.315671034,1.315366948,1.3164446,1.335184694,1.329689161
147,1.31884312,1.378487353,1.315671034,1.315366948,1.3164446,1.335184694,1.329689161
148,1.31884312,1.378487353,1.315671034,1.32198862,1.3164446,1.335184694,1.329689161
149,1.31884312,1.378487353,1.319247955,1.32198862,1.3164446,1.335184694,1.329689161
150,1.31884312,1.378487353,1.319247955,1.32198862,1.320268502,1.335184694,1.329689161
151,1.32238186,1.378487353,1.319247955,1.32198862,1.320268502,1.335184694,1.329689161
152,1.32238186,1.378487353,1.32273994,1.32198862,1.320268502,1.335184694,1.329689161
153,1.32238186,1.378487353,1.32273994,1.32198862,1.324492222,1.335184694,1.329689161
154,1.32238186,1.378487353,1.32273994,1.327989695,1.324492222,1.335184694,1.329689161
155,1.325952524,1.378487353,1.32273994,1.327989695,1.324492222,1.335184694,1.329689161
156,1.325952524,1.378487353,1.325812954,1.327989695,1.324492222,1.335184694,1.329689161
157,1.325952524,1.378487353,1.325812954,1.327989695,1.328862435,1.335184694,1.329689161
158,1.325952524,1.378487353,1.328910305,1.327989695,1.328862435,1.335184694,1.329689161
159,1.329416166,1.378487353,1.328910305,1.327989695,1.328862435,1.335184694,1.329689161
160,1.329416166,1.378487353,1.328910305,1.33378626,1.328862435,1.335184694,1.329689161
161,1.329416166,1.378487353,1.328910305,1.33378626,1.33406987,1.335184694,1.329689161
162,1.329416166,1.378487353,1.331691254,1.33378626,1.33406987,1.335184694,1.329689161
163,1.332855182,1.378487353,1.331691254,1.33378626,1.33406987,1.335184694,1.329689161
164,1.332855182,1.378487353,1.331691254,1.33378626,1.33406987,1.335184694,1.343939152
165,1.332855182,1.378487353,1.33431179,1.33378626,1.33406987,1.335184694,1.343939152
166,1.339467951,1.378487353,1.33431179,1.33378626,1.33406987,1.335184694,1.343939152
167,1.339467951,1.378487353,1.33431179,1.339414576,1.33406987,1.335184694,1.343939152
168,1.339467951,1.378487353,1.33431179,1.339414576,1.339496823,1.335184694,1.343939152
169,1.339467951,1.378487353,1.336854271,1.339414576,1.339496823,1.335184694,1.343939152
170,1.339467951,1.378487353,1.336854271,1.339414576,1.339496823,1.347519347,1.343939152
171,1.339467951,1.378487353,1.342619479,1.339414576,1.339496823,1.347519347,1.343939152
172,1.339467951,1.378487353,1.342619479,1.344560399,1.339496823,1.347519347,1.343939152
173,1.342279778,1.378487353,1.342619479,1.344560399,1.339496823,1.347519347,1.343939152
174,1.342279778,1.378487353,1.342619479,1.344560399,1.345756835,1.347519347,1.343939152
175,1.345591887,1.378487353,1.342619479,1.344560399,1.345756835,1.347519347,1.343939152
176,1.345591887,1.378487353,1.353233144,1.344560399,1.345756835,1.347519347,1.343939152
177,1.345591887,1.378487353,1.353233144,1.344560399,1.345756835,1.347519347,1.358723387
178,1.345591887,1.378487353,1.353233144,1.360500219,1.345756835,1.347519347,1.358723387
179,1.34884443,1.378487353,1.353233144,1.360500219,1.345756835,1.347519347,1.358723387
180,1.34884443,1.378487353,1.353233144,1.360500219,1.351693584,1.347519347,1.358723387
181,1.34884443,1.378487353,1.353233144,1.360500219,1.351693584,1.354157665,1.358723387
182,1.352170024,1.378487353,1.353233144,1.360500219,1.351693584,1.354157665,1.358723387
183,1.352170024,1.378487353,1.353233144,1.360500219,1.357277267,1.354157665,1.358723387
184,1.355298788,1.378487353,1.353233144,1.360500219,1.357277267,1.354157665,1.358723387
185,1.355298788,1.378487353,1.355826255,1.360500219,1.357277267,1.354157665,1.358723387
186,1.355298788,1.378487353,1.355826255,1.360500219,1.357277267,1.361807685,1.358723387
187,1.358338127,1.378487353,1.355826255,1.360500219,1.357277267,1.361807685,1.358723387
188,1.358338127,1.378487353,1.358309959,1.360500219,1.357277267,1.361807685,1.358723387
189,1.358338127,1.378487353,1.358309959,1.360500219,1.367142359,1.361807685,1.358723387
190,1.358338127,1.378487353,1.360525017,1.360500219,1.367142359,1.361807685,1.358723387
191,1.361200008,1.378487353,1.360525017,1.360500219,1.367142359,1.361807685,1.358723387
192,1.361200008,1.378487353,1.360525017,1.360500219,1.367142359,1.361807685,1.369177829
193,1.361200008,1.378487353,1.360525017,1.365544522,1.367142359,1.361807685,1.369177829
194,1.361200008,1.378487353,1.362693878,1.365544522,1.367142359,1.361807685,1.369177829
195,1.363401171,1.378487353,1.362693878,1.365544522,1.367142359,1.361807685,1.369177829
196,1.363401171,1.378487353,1.362693878,1.365544522,1.367142359,1.369388781,1.369177829
197,1.363401171,1.378487353,1.364716637,1.365544522,1.367142359,1.369388781,1.369177829
198,1.366336286,1.378487353,1.364716637,1.365544522,1.367142359,1.369388781,1.369177829
199,1.366336286,1.378487353,1.366730229,1.365544522,1.367142359,1.369388781,1.369177829
200,1.366336286,1.378487353,1.366730229,1.370026196,1.367142359,1.369388781,1.369177829
201,1.369549211,1.378487353,1.366730229,1.370026196,1.367142359,1.369388781,1.369177829
202,1.369549211,1.378487353,1.368559568,1.370026196,1.367142359,1.369388781,1.369177829
203,1.369549211,1.378487353,1.368559568,1.370026196,1.371797581,1.369388781,1.369177829
204,1.369549211,1.378487353,1.370309961,1.370026196,1.371797581,1.369388781,1.369177829
205,1.369549211,1.378487353,1.370309961,1.370026196,1.371797581,1.369388781,1.390628832
206,1.369549211,1.378487353,1.370309961,1.370026196,1.371797581,1.376012083,1.390628832
207,1.372675206,1.378487353,1.370309961,1.370026196,1.371797581,1.376012083,1.390628832
208,1.372675206,1.378487353,1.370309961,1.373991628,1.371797581,1.376012083,1.390628832
209,1.372675206,1.378487353,1.372057007,1.373991628,1.371797581,1.376012083,1.390628832
210,1.372675206,1.378487353,1.372057007,1.373991628,1.375331765,1.376012083,1.390628832
211,1.372675206,1.378487353,1.37326678,1.373991628,1.375331765,1.376012083,1.390628832
212,1.375519026,1.378487353,1.37326678,1.373991628,1.375331765,1.376012083,1.390628832
213,1.375519026,1.378487353,1.374865465,1.373991628,1.375331765,1.376012083,1.390628832
214,1.375519026,1.378487353,1.374865465,1.380151095,1.375331765,1.376012083,1.390628832
215,1.375519026,1.378487353,1.376423514,1.380151095,1.375331765,1.376012083,1.390628832
216,1.375519026,1.378487353,1.376423514,1.380151095,1.37937046,1.376012083,1.390628832
217,1.378294838,1.378487353,1.376423514,1.380151095,1.37937046,1.376012083,1.390628832
218,1.378294838,1.378487353,1.376423514,1.380151095,1.37937046,1.380358125,1.390628832
219,1.378294838,1.378487353,1.37789163,1.380151095,1.37937046,1.380358125,1.390628832
220,1.378294838,1.378487353,1.379359017,1.380151095,1.37937046,1.380358125,1.390628832
221,1.380365562,1.378487353,1.379359017,1.380151095,1.37937046,1.380358125,1.390628832
222,1.380365562,1.427299569,1.379359017,1.380151095,1.37937046,1.380358125,1.390628832
223,1.380365562,1.427299569,1.380707439,1.380151095,1.37937046,1.380358125,1.390628832
224,1.380365562,1.427299569,1.380707439,1.380151095,1.382730477,1.380358125,1.390628832
225,1.380365562,1.427299569,1.380707439,1.384491319,1.382730477,1.380358125,1.390628832
226,1.380365562,1.427299569,1.380707439,1.384491319,1.382730477,1.390549423,1.390628832
227,1.383070403,1.427299569,1.380707439,1.384491319,1.382730477,1.390549423,1.390628832
228,1.383070403,1.427299569,1.382057738,1.384491319,1.382730477,1.390549423,1.390628832
229,1.383070403,1.427299569,1.384516617,1.384491319,1.382730477,1.390549423,1.390628832
230,1.383070403,1.427299569,1.384516617,1.384491319,1.386624223,1.390549423,1.390628832
231,1.385709493,1.427299569,1.384516617,1.384491319,1.386624223,1.390549423,1.390628832
232,1.385709493,1.427299569,1.384516617,1.388873628,1.386624223,1.390549423,1.390628832
233,1.385709493,1.427299569,1.386506451,1.388873628,1.386624223,1.390549423,1.390628832
234,1.388306121,1.427299569,1.386506451,1.388873628,1.386624223,1.390549423,1.390628832
235,1.388306121,1.427299569,1.387723533,1.388873628,1.386624223,1.390549423,1.390628832
236,1.388306121,1.427299569,1.387723533,1.388873628,1.389888834,1.390549423,1.390628832
237,1.388306121,1.427299569,1.388580371,1.388873628,1.389888834,1.390549423,1.390628832
238,1.391647579,1.427299569,1.388580371,1.388873628,1.389888834,1.390549423,1.390628832
239,1.391647579,1.427299569,1.389812213,1.388873628,1.389888834,1.390549423,1.390628832
240,1.391647579,1.427299569,1.389812213,1.396766418,1.389888834,1.390549423,1.390628832
241,1.391647579,1.427299569,1.390629203,1.396766418,1.389888834,1.390549423,1.390628832
242,1.391647579,1.427299569,1.390629203,1.396766418,1.393186158,1.390549423,1.390628832
243,1.391647579,1.427299569,1.390629203,1.396766418,1.393186158,1.396920221,1.390628832
244,1.391647579,1.427299569,1.390629203,1.396766418,1.393186158,1.396920221,1.38470099
245,1.391647579,1.427299569,1.390629203,1.396766418,1.393186158,1.396920221,1.390481538
246,1.391647579,1.427299569,1.390629203,1.396766418,1.393186158,1.396920221,1.397817443
247,1.391647579,1.427299569,1.392872052,1.396766418,1.393186158,1.396920221,1.397817443
248,1.39415576,1.427299569,1.392872052,1.396766418,1.393186158,1.396920221,1.397817443
249,1.39415576,1.427299569,1.393974432,1.396766418,1.393186158,1.396920221,1.397817443
250,1.39415576,1.427299569,1.393974432,1.396766418,1.397336158,1.396920221,1.397817443
251,1.39415576,1.427299569,1.39798058,1.396766418,1.397336158,1.396920221,1.397817443
252,1.396655467,1.427299569,1.39798058,1.396766418,1.397336158,1.396920221,1.397817443
253,1.398878193,1.427299569,1.39798058,1.396766418,1.397336158,1.396920221,1.397817443
254,1.398878193,1.427299569,1.39798058,1.401526842,1.397336158,1.396920221,1.397817443
255,1.398878193,1.427299569,1.39798058,1.401526842,1.397336158,1.399563298,1.397817443
256,1.398878193,1.427299569,1.39798058,1.401526842,1.40040775,1.399563298,1.397817443
257,1.398878193,1.427299569,1.39798058,1.401526842,1.40040775,1.399563298,1.407162724
258,1.398878193,1.427299569,1.398842345,1.401526842,1.40040775,1.399563298,1.407162724
259,1.398878193,1.427299569,1.399754422,1.401526842,1.40040775,1.399563298,1.407162724
260,1.401407938,1.427299569,1.399754422,1.401526842,1.40040775,1.399563298,1.407162724
261,1.401407938,1.427299569,1.399754422,1.401526842,1.40040775,1.404430418,1.407162724
262,1.401407938,1.427299569,1.401520252,1.401526842,1.40040775,1.404430418,1.407162724
263,1.401407938,1.427299569,1.401520252,1.401526842,1.403351139,1.404430418,1.407162724
264,1.403859932,1.427299569,1.401520252,1.401526842,1.403351139,1.404430418,1.407162724
265,1.403859932,1.427299569,1.403817644,1.401526842,1.403351139,1.404430418,1.407162724
266,1.403859932,1.427299569,1.403817644,1.396699665,1.403351139,1.404430418,1.407162724
267,1.403859932,1.427299569,1.403817644,1.400541726,1.403351139,1.404430418,1.407162724
268,1.403859932,1.427299569,1.403817644,1.40384717,1.403351139,1.404430418,1.407162724
269,1.403859932,1.427299569,1.403817644,1.40384717,1.406168412,1.404430418,1.407162724
270,1.403859932,1.427299569,1.404380123,1.40384717,1.406168412,1.404430418,1.407162724
271,1.403859932,1.427299569,1.404380123,1.407312677,1.406168412,1.404430418,1.407162724
272,1.405810669,1.427299569,1.404380123,1.407312677,1.406168412,1.404430418,1.407162724
273,1.405810669,1.427299569,1.405176091,1.407312677,1.406168412,1.404430418,1.407162724
274,1.405810669,1.427299569,1.405176091,1.407312677,1.406168412,1.40920227,1.407162724
275,1.405810669,1.427299569,1.404985124,1.407312677,1.406168412,1.40920227,1.407162724
276,1.405810669,1.427299569,1.405723326,1.407312677,1.406168412,1.40920227,1.407162724
277,1.405810669,1.427299569,1.406424239,1.407312677,1.406168412,1.40920227,1.407162724
278,1.408233046,1.427299569,1.406424239,1.407312677,1.406168412,1.40920227,1.407162724
279,1.408233046,1.427299569,1.406424239,1.407312677,1.408999671,1.40920227,1.407162724
280,1.408233046,1.427299569,1.406469835,1.407312677,1.408999671,1.40920227,1.407162724
281,1.408233046,1.427299569,1.407057372,1.407312677,1.408999671,1.40920227,1.407162724
282,1.408233046,1.427299569,1.407504359,1.407312677,1.408999671,1.40920227,1.407162724
283,1.408233046,1.427299569,1.407504359,1.407312677,1.408999671,1.40920227,1.408784978
284,1.408233046,1.427299569,1.407504359,1.410329682,1.408999671,1.40920227,1.408784978
285,1.408233046,1.427299569,1.408033797,1.410329682,1.408999671,1.40920227,1.408784978
286,1.408233046,1.427299569,1.408492183,1.410329682,1.408999671,1.40920227,1.408784978
287,1.41167045,1.427299569,1.408492183,1.410329682,1.408999671,1.40920227,1.408784978
288,1.41167045,1.427299569,1.40927237,1.410329682,1.408999671,1.40920227,1.408784978
289,1.41167045,1.427299569,1.40927237,1.410329682,1.408999671,1.40920227,1.408217389
290,1.41167045,1.427299569,1.40927237,1.410329682,1.408999671,1.40920227,1.404450594
291,1.41167045,1.427299569,1.40927237,1.410329682,1.408999671,1.40920227,1.401428032
292,1.41167045,1.427299569,1.40927237,1.410329682,1.408999671,1.40920227,1.401501448
293,1.41167045,1.427299569,1.40927237,1.410329682,1.408999671,1.40920227,1.400561329
294,1.41167045,1.427299569,1.40927237,1.410329682,1.408999671,1.40920227,1.398469002
295,1.41167045,1.427299569,1.40927237,1.410329682,1.408999671,1.40920227,1.398236669
296,1.41167045,1.427299569,1.40927237,1.410329682,1.408999671,1.40920227,1.397185536
297,1.41167045,1.427299569,1.40927237,1.410329682,1.408999671,1.40920227,1.395791458
298,1.41167045,1.427299569,1.40927237,1.410329682,1.411627087,1.40920227,1.395791458
299,1.41167045,1.427299569,1.40927237,1.410329682,1.411627087,1.410840696,1.395791458
300,1.41167045,1.427299569,1.409761517,1.410329682,1.411627087,1.410840696,1.395791458
301,1.41167045,1.427299569,1.410411831,1.410329682,1.411627087,1.410840696,1.395791458
302,1.41167045,1.427299569,1.410411831,1.413878126,1.411627087,1.410840696,1.395791458
303,1.41167045,1.427299569,1.410962545,1.413878126,1.411627087,1.410840696,1.395791458
304,1.41167045,1.427299569,1.410962545,1.413878126,1.411627087,1.414642583,1.395791458
305,1.41167045,1.427299569,1.411474351,1.413878126,1.411627087,1.414642583,1.395791458
306,1.41167045,1.427299569,1.412037408,1.413878126,1.411627087,1.414642583,1.395791458
307,1.41167045,1.427299569,1.412037408,1.413878126,1.414295843,1.414642583,1.395791458
308,1.414045532,1.427299569,1.412037408,1.413878126,1.414295843,1.414642583,1.395791458
309,1.414045532,1.427299569,1.412593861,1.413878126,1.414295843,1.414642583,1.395791458
310,1.414045532,1.427299569,1.413055606,1.413878126,1.414295843,1.414642583,1.395791458
311,1.414045532,1.427299569,1.413464387,1.413878126,1.414295843,1.414642583,1.395791458
312,1.414045532,1.427299569,1.41383986,1.413878126,1.414295843,1.414642583,1.395791458
313,1.414045532,1.427299569,1.414068899,1.413878126,1.414295843,1.414642583,1.395791458
314,1.414045532,1.427299569,1.414068899,1.41706344,1.414295843,1.414642583,1.395791458
315,1.416403627,1.427299569,1.414068899,1.41706344,1.414295843,1.414642583,1.395791458
316,1.416403627,1.427299569,1.413989655,1.41706344,1.414295843,1.414642583,1.395791458
317,1.416403627,1.427299569,1.414365886,1.41706344,1.414295843,1.414642583,1.395791458
318,1.416403627,1.427299569,1.414365886,1.41706344,1.41699053,1.414642583,1.395791458
319,1.416403627,1.427299569,1.417391509,1.41706344,1.41699053,1.414642583,1.395791458
320,1.416403627,1.427299569,1.417391509,1.41706344,1.41699053,1.415476474,1.395791458
321,1.416403627,1.427299569,1.417391509,1.41706344,1.41699053,1.419542759,1.395791458
322,1.418723255,1.427299569,1.417391509,1.41706344,1.41699053,1.419542759,1.395791458
323,1.418723255,1.427299569,1.417391509,1.41706344,1.419678506,1.419542759,1.395791458
324,1.418723255,1.427299569,1.417391509,1.420574068,1.419678506,1.419542759,1.395791458
325,1.418723255,1.427299569,1.417614121,1.420574068,1.419678506,1.419542759,1.395791458
326,1.418723255,1.427299569,1.417873502,1.420574068,1.419678506,1.419542759,1.395791458
327,1.418723255,1.427299569,1.418174464,1.420574068,1.419678506,1.419542759,1.395791458
328,1.418723255,1.427299569,1.417935318,1.420574068,1.419678506,1.419542759,1.395791458
329,1.418723255,1.427299569,1.418134978,1.420574068,1.419678506,1.419542759,1.395791458
330,1.418723255,1.427299569,1.418487771,1.420574068,1.419678506,1.419542759,1.395791458
331,1.418723255,1.427299569,1.418650471,1.420574068,1.419678506,1.419542759,1.395791458
332,1.418723255,1.427299569,1.418946213,1.420574068,1.419678506,1.419542759,1.395791458
333,1.421007506,1.427299569,1.418946213,1.420574068,1.419678506,1.419542759,1.395791458
334,1.421007506,1.427299569,1.441986478,1.420574068,1.419678506,1.419542759,1.395791458
335,1.421007506,1.427299569,1.441986478,1.420574068,1.419678506,1.419373764,1.395791458
336,1.421007506,1.427299569,1.441986478,1.420574068,1.419678506,1.420668091,1.395791458
337,1.421007506,1.427299569,1.441986478,1.420574068,1.422291822,1.420668091,1.395791458
338,1.421007506,1.427299569,1.441986478,1.430437665,1.422291822,1.420668091,1.395791458
339,1.421007506,1.427299569,1.441986478,1.430437665,1.422291822,1.422519911,1.395791458
340,1.423207021,1.427299569,1.441986478,1.430437665,1.422291822,1.422519911,1.395791458
341,1.423207021,1.427299569,1.441986478,1.430437665,1.425657612,1.422519911,1.395791458
342,1.423207021,1.427299569,1.441986478,1.430437665,1.425657612,1.424285685,1.395791458
343,1.425350623,1.427299569,1.441986478,1.430437665,1.425657612,1.424285685,1.395791458
344,1.425350623,1.427299569,1.441986478,1.430437665,1.425657612,1.424584544,1.395791458
345,1.425350623,1.427299569,1.441986478,1.430437665,1.425657612,1.426334576,1.395791458
346,1.428012044,1.427299569,1.441986478,1.430437665,1.425657612,1.426334576,1.395791458
347,1.428012044,1.427299569,1.441986478,1.430437665,1.427918948,1.426334576,1.395791458
348,1.428012044,1.427299569,1.441986478,1.430437665,1.427918948,1.427960757,1.395791458
349,1.428012044,1.455825542,1.441986478,1.430437665,1.427918948,1.427960757,1.395791458
350,1.428012044,1.455825542,1.441986478,1.430437665,1.430491534,1.427960757,1.395791458
351,1.428012044,1.455825542,1.441986478,1.430437665,1.430491534,1.429335979,1.395791458
352,1.430183086,1.455825542,1.441986478,1.430437665,1.430491534,1.429335979,1.395791458
353,1.430183086,1.455825542,1.441986478,1.430437665,1.430491534,1.430049846,1.395791458
354,1.430183086,1.455825542,1.441986478,1.430437665,1.430491534,1.433990091,1.395791458
355,1.432357376,1.455825542,1.441986478,1.430437665,1.430491534,1.433990091,1.395791458
356,1.432357376,1.455825542,1.441986478,1.438733335,1.430491534,1.433990091,1.395791458
357,1.432357376,1.455825542,1.441986478,1.438733335,1.433000931,1.433990091,1.395791458
358,1.434308605,1.455825542,1.441986478,1.438733335,1.433000931,1.433990091,1.395791458
359,1.434308605,1.455825542,1.441986478,1.438733335,1.435417517,1.433990091,1.395791458
360,1.434308605,1.455825542,1.441986478,1.438733335,1.435417517,1.435038879,1.395791458
361,1.436556051,1.455825542,1.441986478,1.438733335,1.435417517,1.435038879,1.395791458
362,1.436556051,1.455825542,1.441986478,1.438733335,1.435417517,1.434827797,1.395791458
363,1.436556051,1.455825542,1.441986478,1.438733335,1.435417517,1.435693538,1.395791458
364,1.436556051,1.455825542,1.441986478,1.438733335,1.437888829,1.435693538,1.395791458
365,1.436556051,1.455825542,1.441986478,1.438733335,1.437888829,1.440356363,1.395791458
366,1.438550585,1.455825542,1.441986478,1.438733335,1.437888829,1.440356363,1.395791458
367,1.438550585,1.455825542,1.441986478,1.438733335,1.440272023,1.440356363,1.395791458
368,1.440612791,1.455825542,1.441986478,1.438733335,1.440272023,1.440356363,1.395791458
369,1.440612791,1.455825542,1.441986478,1.441452175,1.440272023,1.440356363,1.395791458
370,1.440612791,1.455825542,1.441986478,1.441452175,1.442658663,1.440356363,1.395791458
371,1.440612791,1.455825542,1.441986478,1.441452175,1.442658663,1.440797499,1.395791458
372,1.445065295,1.455825542,1.441986478,1.441452175,1.442658663,1.440797499,1.395791458
373,1.445065295,1.455825542,1.441986478,1.441452175,1.442658663,1.439155366,1.395791458
374,1.445065295,1.455825542,1.441986478,1.441452175,1.442658663,1.439806095,1.395791458
375,1.445065295,1.455825542,1.441986478,1.441452175,1.442658663,1.440316663,1.395791458
376,1.445065295,1.455825542,1.441986478,1.441452175,1.442658663,1.440837954,1.395791458
377,1.445065295,1.455825542,1.441986478,1.441452175,1.442658663,1.439850026,1.395791458
378,1.445065295,1.455825542,1.441986478,1.441452175,1.442658663,1.44042082,1.395791458
379,1.445065295,1.455825542,1.441986478,1.441452175,1.442658663,1.438296066,1.395791458
380,1.445065295,1.455825542,1.441986478,1.441452175,1.442658663,1.438683493,1.395791458
381,1.445065295,1.455825542,1.441986478,1.441452175,1.442658663,1.439156725,1.395791458
382,1.445065295,1.455825542,1.441986478,1.441452175,1.442658663,1.43795643,1.395791458
383,1.445065295,1.455825542,1.441986478,1.441452175,1.442658663,1.438340525,1.395791458
384,1.445065295,1.455825542,1.441986478,1.441452175,1.442658663,1.438763252,1.395791458
385,1.445065295,1.455825542,1.441986478,1.441452175,1.442658663,1.439073245,1.395791458
386,1.445065295,1.455825542,1.441986478,1.441452175,1.442658663,1.439480423,1.395791458
387,1.445065295,1.455825542,1.441986478,1.441452175,1.442658663,1.439718087,1.395791458
388,1.445065295,1.455825542,1.441986478,1.441452175,1.442658663,1.439767477,1.395791458
389,1.445065295,1.455825542,1.441986478,1.441452175,1.442658663,1.440039392,1.395791458
390,1.445065295,1.455825542,1.441986478,1.441452175,1.442658663,1.438710056,1.395791458
391,1.445065295,1.455825542,1.441986478,1.441452175,1.442658663,1.439043464,1.395791458
392,1.445065295,1.455825542,1.441986478,1.441452175,1.442658663,1.439265717,1.395791458
393,1.445065295,1.455825542,1.441986478,1.441452175,1.442658663,1.441257713,1.395791458
394,1.445065295,1.455825542,1.441986478,1.441452175,1.442658663,1.443179049,1.395791458
395,1.445065295,1.455825542,1.441986478,1.444266012,1.442658663,1.443179049,1.395791458
396,1.445065295,1.455825542,1.440113001,1.444266012,1.442658663,1.443179049,1.395791458
397,1.445065295,1.455825542,1.439249007,1.444266012,1.442658663,1.443179049,1.395791458
398,1.445065295,1.455825542,1.438525437,1.444266012,1.442658663,1.443179049,1.395791458
399,1.445065295,1.455825542,1.438559048,1.444266012,1.442658663,1.443179049,1.395791458
400,1.445065295,1.455825542,1.438000045,1.444266012,1.442658663,1.443179049,1.395791458
401,1.445065295,1.455825542,1.438151418,1.444266012,1.442658663,1.443179049,1.395791458
402,1.445065295,1.455825542,1.438315849,1.444266012,1.442658663,1.443179049,1.395791458
403,1.445065295,1.455825542,1.439042753,1.444266012,1.442658663,1.443179049,1.395791458
404,1.445065295,1.455825542,1.439049619,1.444266012,1.442658663,1.443179049,1.395791458
405,1.445065295,1.455825542,1.439631076,1.444266012,1.442658663,1.443179049,1.395791458
406,1.445065295,1.455825542,1.439646099,1.444266012,1.442658663,1.443179049,1.395791458
407,1.445065295,1.455825542,1.439647113,1.444266012,1.442658663,1.443179049,1.395791458
408,1.445065295,1.455825542,1.439667718,1.444266012,1.442658663,1.443179049,1.395791458
409,1.445065295,1.455825542,1.439612569,1.444266012,1.442658663,1.443179049,1.395791458
410,1.445065295,1.455825542,1.439611991,1.444266012,1.442658663,1.443179049,1.395791458
411,1.445065295,1.455825542,1.438629785,1.444266012,1.442658663,1.443179049,1.395791458
412,1.445065295,1.455825542,1.438799991,1.444266012,1.442658663,1.443179049,1.395791458
413,1.445065295,1.455825542,1.438864876,1.444266012,1.442658663,1.443179049,1.395791458
414,1.445065295,1.455825542,1.438123855,1.444266012,1.442658663,1.443179049,1.395791458
415,1.445065295,1.455825542,1.438097357,1.444266012,1.442658663,1.443179049,1.395791458
416,1.445065295,1.455825542,1.440733624,1.444266012,1.442658663,1.443179049,1.395791458
417,1.445065295,1.455825542,1.44055343,1.444266012,1.442658663,1.443179049,1.395791458
418,1.445065295,1.455825542,1.438522423,1.444266012,1.442658663,1.443179049,1.395791458
419,1.445065295,1.455825542,1.438416775,1.444266012,1.442658663,1.443179049,1.395791458
420,1.445065295,1.455825542,1.437428439,1.444266012,1.442658663,1.443179049,1.395791458
421,1.445065295,1.455825542,1.437484352,1.444266012,1.442658663,1.443179049,1.395791458
422,1.445065295,1.455825542,1.437105477,1.444266012,1.442658663,1.443179049,1.395791458
423,1.445065295,1.455825542,1.435943129,1.444266012,1.442658663,1.443179049,1.395791458
424,1.445065295,1.455825542,1.436056632,1.444266012,1.442658663,1.443179049,1.395791458
425,1.445065295,1.455825542,1.436097344,1.444266012,1.442658663,1.443179049,1.395791458
426,1.445065295,1.455825542,1.436114731,1.444266012,1.442658663,1.443179049,1.395791458
427,1.445065295,1.455825542,1.434920734,1.444266012,1.442658663,1.443179049,1.395791458
428,1.445065295,1.455825542,1.434624372,1.444266012,1.442658663,1.443179049,1.395791458
429,1.445065295,1.455825542,1.433283614,1.444266012,1.442658663,1.443179049,1.395791458
430,1.445065295,1.455825542,1.433179974,1.444266012,1.442658663,1.443179049,1.395791458
431,1.445065295,1.455825542,1.433007954,1.444266012,1.442658663,1.443179049,1.395791458
432,1.445065295,1.455825542,1.433007954,1.444266012,1.445040821,1.443179049,1.395791458
433,1.445065295,1.455825542,1.433007954,1.444266012,1.445040821,1.44332859,1.395791458
434,1.445065295,1.455825542,1.433007954,1.444266012,1.445040821,1.443438049,1.395791458
435,1.445065295,1.455825542,1.433007954,1.444266012,1.445040821,1.443463536,1.395791458
436,1.445065295,1.455825542,1.433007954,1.444266012,1.445040821,1.441643315,1.395791458
437,1.445065295,1.455825542,1.433007954,1.444266012,1.445040821,1.441769889,1.395791458
438,1.445065295,1.455825542,1.433007954,1.444266012,1.445040821,1.441832965,1.395791458
439,1.445065295,1.455825542,1.433007954,1.444266012,1.445040821,1.442931015,1.395791458
440,1.445065295,1.455825542,1.433007954,1.444266012,1.445040821,1.443004825,1.395791458
441,1.445065295,1.455825542,1.433007954,1.444266012,1.445040821,1.443108583,1.395791458
442,1.445065295,1.455825542,1.433007954,1.444266012,1.445040821,1.441080364,1.395791458
443,1.445065295,1.455825542,1.433007954,1.444266012,1.445040821,1.441113206,1.395791458
444,1.445065295,1.455825542,1.433007954,1.444266012,1.445040821,1.440433517,1.395791458
445,1.445065295,1.455825542,1.433007954,1.444266012,1.445040821,1.440514518,1.395791458
446,1.445065295,1.455825542,1.433007954,1.444266012,1.445040821,1.440576225,1.395791458
447,1.445065295,1.455825542,1.433007954,1.444266012,1.445040821,1.44059593,1.395791458
448,1.445065295,1.455825542,1.433007954,1.444266012,1.445040821,1.440082175,1.395791458
449,1.445065295,1.455825542,1.433007954,1.444266012,1.445040821,1.44167141,1.395791458
450,1.445065295,1.455825542,1.433007954,1.444266012,1.445040821,1.443054393,1.395791458
451,1.445065295,1.455825542,1.433007954,1.444266012,1.445040821,1.441747638,1.395791458
452,1.445065295,1.455825542,1.433007954,1.444266012,1.445040821,1.441747283,1.395791458
453,1.445065295,1.455825542,1.433007954,1.444266012,1.445040821,1.441728418,1.395791458
454,1.445065295,1.455825542,1.433007954,1.444266012,1.445040821,1.441731752,1.395791458
455,1.445065295,1.455825542,1.433007954,1.444266012,1.445040821,1.439810996,1.395791458
456,1.445065295,1.455825542,1.433007954,1.444266012,1.445040821,1.439752861,1.395791458
457,1.445065295,1.455825542,1.433007954,1.444266012,1.445040821,1.439555391,1.395791458
458,1.445065295,1.455825542,1.433007954,1.444266012,1.445040821,1.439503629,1.395791458
459,1.445065295,1.455825542,1.433007954,1.444266012,1.445040821,1.441128967,1.395791458
460,1.445065295,1.455825542,1.433007954,1.444266012,1.445040821,1.440972728,1.395791458
461,1.445065295,1.455825542,1.433007954,1.444266012,1.445040821,1.44049327,1.395791458
462,1.445065295,1.455825542,1.433007954,1.444266012,1.445040821,1.43904434,1.395791458
463,1.445065295,1.455825542,1.433007954,1.444266012,1.445040821,1.438962171,1.395791458
464,1.445065295,1.455825542,1.433007954,1.444266012,1.445040821,1.438891667,1.395791458
465,1.445065295,1.455825542,1.433007954,1.44743299,1.445040821,1.438891667,1.395791458
466,1.445065295,1.455825542,1.433007954,1.44743299,1.447226312,1.438891667,1.395791458
467,1.447087316,1.455825542,1.433007954,1.44743299,1.447226312,1.438891667,1.395791458
468,1.449040279,1.455825542,1.433007954,1.44743299,1.447226312,1.438891667,1.395791458
469,1.449040279,1.455825542,1.433007954,1.44743299,1.449544312,1.438891667,1.395791458
470,1.449040279,1.455825542,1.433007954,1.450464393,1.449544312,1.438891667,1.395791458
471,1.450969575,1.455825542,1.433007954,1.450464393,1.449544312,1.438891667,1.395791458
472,1.450969575,1.455825542,1.433007954,1.450464393,1.451835009,1.438891667,1.395791458
473,1.450969575,1.455825542,1.433007954,1.453232155,1.451835009,1.438891667,1.395791458
474,1.452823721,1.455825542,1.433007954,1.453232155,1.451835009,1.438891667,1.395791458
475,1.452823721,1.455825542,1.433007954,1.453232155,1.454062233,1.438891667,1.395791458
476,1.454619255,1.455825542,1.433007954,1.453232155,1.454062233,1.438891667,1.395791458
477,1.454619255,1.455825542,1.433007954,1.462470469,1.454062233,1.438891667,1.395791458
478,1.454619255,1.455825542,1.433007954,1.462470469,1.456195909,1.438891667,1.395791458
479,1.456124994,1.455825542,1.433007954,1.462470469,1.456195909,1.438891667,1.395791458
480,1.456124994,1.491099008,1.433007954,1.462470469,1.456195909,1.438891667,1.395791458
481,1.457876877,1.491099008,1.433007954,1.462470469,1.456195909,1.438891667,1.395791458
482,1.457876877,1.491099008,1.433007954,1.462470469,1.458152126,1.438891667,1.395791458
483,1.459690827,1.491099008,1.433007954,1.462470469,1.458152126,1.438891667,1.395791458
484,1.459690827,1.491099008,1.433007954,1.462470469,1.460202769,1.438891667,1.395791458
485,1.461557352,1.491099008,1.433007954,1.462470469,1.460202769,1.438891667,1.395791458
486,1.461557352,1.491099008,1.433007954,1.462470469,1.466791614,1.438891667,1.395791458
487,1.463280794,1.491099008,1.433007954,1.462470469,1.466791614,1.438891667,1.395791458
488,1.463280794,1.491099008,1.433007954,1.458025404,1.466791614,1.438891667,1.395791458
489,1.463280794,1.491099008,1.433007954,1.466411064,1.466791614,1.438891667,1.395791458
490,1.465005258,1.491099008,1.433007954,1.466411064,1.466791614,1.438891667,1.395791458
491,1.466765931,1.491099008,1.433007954,1.466411064,1.466791614,1.438891667,1.395791458
492,1.466765931,1.491099008,1.433007954,1.472921245,1.466791614,1.438891667,1.395791458
493,1.468510205,1.491099008,1.433007954,1.472921245,1.466791614,1.438891667,1.395791458
494,1.468510205,1.491099008,1.433007954,1.472921245,1.468569551,1.438891667,1.395791458
495,1.470114396,1.491099008,1.433007954,1.472921245,1.468569551,1.438891667,1.395791458
496,1.470114396,1.491099008,1.433007954,1.472921245,1.470650498,1.438891667,1.395791458
497,1.471804058,1.491099008,1.433007954,1.472921245,1.470650498,1.438891667,1.395791458
498,1.471804058,1.491099008,1.433007954,1.472921245,1.472510553,1.438891667,1.395791458
499,1.473227833,1.491099008,1.433007954,1.472921245,1.472510553,1.438891667,1.395791458
500,1.473227833,1.491099008,1.433007954,1.472921245,1.474500826,1.438891667,1.395791458
501,1.473227833,1.491099008,1.433007954,1.474038445,1.474500826,1.438891667,1.395791458
502,1.474868753,1.491099008,1.433007954,1.474038445,1.474500826,1.438891667,1.395791458
503,1.474868753,1.491099008,1.433007954,1.474821435,1.474500826,1.438891667,1.395791458
504,1.474868753,1.491099008,1.433007954,1.474821435,1.476474525,1.438891667,1.395791458
505,1.474868753,1.491099008,1.433007954,1.477043969,1.476474525,1.438891667,1.395791458
506,1.476397976,1.491099008,1.433007954,1.477043969,1.476474525,1.438891667,1.395791458
507,1.477964834,1.491099008,1.433007954,1.477043969,1.476474525,1.438891667,1.395791458
508,1.477964834,1.491099008,1.433007954,1.477043969,1.478190162,1.438891667,1.395791458
509,1.477964834,1.491099008,1.433007954,1.479686809,1.478190162,1.438891667,1.395791458
510,1.479729074,1.491099008,1.433007954,1.479686809,1.478190162,1.438891667,1.395791458
511,1.479729074,1.491099008,1.433007954,1.479686809,1.48051085,1.438891667,1.395791458
512,1.479729074,1.491099008,1.433007954,1.476992232,1.48051085,1.438891667,1.395791458
513,1.479729074,1.491099008,1.433007954,1.477712503,1.48051085,1.438891667,1.395791458
514,1.479729074,1.491099008,1.433007954,1.480096913,1.48051085,1.438891667,1.395791458
515,1.481181587,1.491099008,1.433007954,1.480096913,1.48051085,1.438891667,1.395791458
516,1.481181587,1.491099008,1.433007954,1.482064075,1.48051085,1.438891667,1.395791458
517,1.481181587,1.491099008,1.433007954,1.482064075,1.482133701,1.438891667,1.395791458
518,1.482777946,1.491099008,1.433007954,1.482064075,1.482133701,1.438891667,1.395791458
519,1.482777946,1.491099008,1.433007954,1.483654384,1.482133701,1.438891667,1.395791458
520,1.482777946,1.491099008,1.433007954,1.483654384,1.483977669,1.438891667,1.395791458
521,1.484262204,1.491099008,1.433007954,1.483654384,1.483977669,1.438891667,1.395791458
522,1.484262204,1.491099008,1.433007954,1.484990342,1.483977669,1.438891667,1.395791458
523,1.484262204,1.491099008,1.433007954,1.484990342,1.485513852,1.438891667,1.395791458
524,1.485633999,1.491099008,1.433007954,1.484990342,1.485513852,1.438891667,1.395791458
525,1.485633999,1.491099008,1.433007954,1.491606349,1.485513852,1.438891667,1.395791458
526,1.485633999,1.491099008,1.433007954,1.491606349,1.487553301,1.438891667,1.395791458
527,1.486406338,1.491099008,1.433007954,1.491606349,1.487553301,1.438891667,1.395791458
528,1.488034886,1.491099008,1.433007954,1.491606349,1.487553301,1.438891667,1.395791458
529,1.488034886,1.491099008,1.433007954,1.491606349,1.489224388,1.438891667,1.395791458
530,1.48930672,1.491099008,1.433007954,1.491606349,1.489224388,1.438891667,1.395791458
531,1.48930672,1.491099008,1.433007954,1.491606349,1.490815075,1.438891667,1.395791458
532,1.490663451,1.491099008,1.433007954,1.491606349,1.490815075,1.438891667,1.395791458
533,1.492151061,1.491099008,1.433007954,1.491606349,1.490815075,1.438891667,1.395791458
534,1.492151061,1.491099008,1.433007954,1.491606349,1.492588641,1.438891667,1.395791458
535,1.492151061,1.522646339,1.433007954,1.491606349,1.492588641,1.438891667,1.395791458
536,1.492151061,1.522646339,1.433007954,1.491753157,1.492588641,1.438891667,1.395791458
537,1.492151061,1.522646339,1.433007954,1.490085926,1.492588641,1.438891667,1.395791458
538,1.492151061,1.522646339,1.433007954,1.490863514,1.492588641,1.438891667,1.395791458
539,1.492151061,1.522646339,1.433007954,1.492634903,1.492588641,1.438891667,1.395791458
540,1.49337405,1.522646339,1.433007954,1.492634903,1.492588641,1.438891667,1.395791458
541,1.49337405,1.522646339,1.433007954,1.492634903,1.494117919,1.438891667,1.395791458
542,1.49337405,1.522646339,1.433007954,1.494094036,1.494117919,1.438891667,1.395791458
543,1.49468544,1.522646339,1.433007954,1.494094036,1.494117919,1.438891667,1.395791458
544,1.49468544,1.522646339,1.433007954,1.490504207,1.494117919,1.438891667,1.395791458
545,1.49468544,1.522646339,1.433007954,1.485701776,1.494117919,1.438891667,1.395791458
546,1.49468544,1.522646339,1.433007954,1.481817489,1.494117919,1.438891667,1.395791458
547,1.49468544,1.522646339,1.433007954,1.47812323,1.494117919,1.438891667,1.395791458
548,1.49468544,1.522646339,1.433007954,1.47931829,1.494117919,1.438891667,1.395791458
549,1.49468544,1.522646339,1.433007954,1.473980709,1.494117919,1.438891667,1.395791458
550,1.49468544,1.522646339,1.433007954,1.47484469,1.494117919,1.438891667,1.395791458
551,1.49468544,1.522646339,1.433007954,1.472031296,1.494117919,1.438891667,1.395791458
552,1.49468544,1.522646339,1.433007954,1.473523519,1.494117919,1.438891667,1.395791458
553,1.49468544,1.522646339,1.433007954,1.468064968,1.494117919,1.438891667,1.395791458
554,1.49468544,1.522646339,1.433007954,1.473663483,1.494117919,1.438891667,1.395791458
555,1.49468544,1.522646339,1.433007954,1.474448024,1.494117919,1.438891667,1.395791458
556,1.49468544,1.522646339,1.433007954,1.472166323,1.494117919,1.438891667,1.395791458
557,1.49468544,1.522646339,1.433007954,1.471794623,1.494117919,1.438891667,1.395791458
558,1.49468544,1.522646339,1.433007954,1.471128813,1.494117919,1.438891667,1.395791458
559,1.49468544,1.522646339,1.433007954,1.471776753,1.494117919,1.438891667,1.395791458
560,1.49468544,1.522646339,1.433007954,1.466971826,1.494117919,1.438891667,1.395791458
561,1.49468544,1.522646339,1.433007954,1.461651223,1.494117919,1.438891667,1.395791458
562,1.49468544,1.522646339,1.433007954,1.46224723,1.494117919,1.438891667,1.395791458
563,1.49468544,1.522646339,1.433007954,1.456787506,1.494117919,1.438891667,1.395791458
564,1.49468544,1.522646339,1.433007954,1.457243509,1.494117919,1.438891667,1.395791458
565,1.49468544,1.522646339,1.433007954,1.454227528,1.494117919,1.438891667,1.395791458
566,1.49468544,1.522646339,1.433007954,1.454416487,1.494117919,1.438891667,1.395791458
567,1.49468544,1.522646339,1.433007954,1.454222437,1.494117919,1.438891667,1.395791458
568,1.49468544,1.522646339,1.433007954,1.45662215,1.494117919,1.438891667,1.395791458
569,1.49468544,1.522646339,1.433007954,1.458073379,1.494117919,1.438891667,1.395791458
570,1.49468544,1.522646339,1.433007954,1.458146497,1.494117919,1.438891667,1.395791458
571,1.49468544,1.522646339,1.433007954,1.45280934,1.494117919,1.438891667,1.395791458
572,1.49468544,1.522646339,1.433007954,1.447998667,1.494117919,1.438891667,1.395791458
573,1.49468544,1.522646339,1.433007954,1.442441548,1.494117919,1.438891667,1.395791458
574,1.49468544,1.522646339,1.433007954,1.438552888,1.494117919,1.438891667,1.395791458
575,1.49468544,1.522646339,1.433007954,1.438660893,1.494117919,1.438891667,1.395791458
576,1.49468544,1.522646339,1.433007954,1.437228504,1.494117919,1.438891667,1.395791458
577,1.49468544,1.522646339,1.433007954,1.437376778,1.494117919,1.438891667,1.395791458
578,1.49468544,1.522646339,1.433007954,1.43731305,1.494117919,1.438891667,1.395791458
579,1.49468544,1.522646339,1.433007954,1.434702677,1.494117919,1.438891667,1.395791458
580,1.49468544,1.522646339,1.433007954,1.432386954,1.494117919,1.438891667,1.395791458
581,1.49468544,1.522646339,1.433007954,1.429052383,1.494117919,1.438891667,1.395791458
582,1.49468544,1.522646339,1.433007954,1.427548082,1.494117919,1.438891667,1.395791458
583,1.49468544,1.522646339,1.433007954,1.427548082,1.495812123,1.438891667,1.395791458
584,1.496146719,1.522646339,1.433007954,1.427548082,1.495812123,1.438891667,1.395791458
585,1.496146719,1.522646339,1.433007954,1.427548082,1.497267402,1.438891667,1.395791458
586,1.497434608,1.522646339,1.433007954,1.427548082,1.497267402,1.438891667,1.395791458
587,1.497434608,1.522646339,1.433007954,1.427548082,1.498423056,1.438891667,1.395791458
588,1.498446433,1.522646339,1.433007954,1.427548082,1.498423056,1.438891667,1.395791458
589,1.498446433,1.522646339,1.433007954,1.427548082,1.500189012,1.438891667,1.395791458
590,1.499690532,1.522646339,1.433007954,1.427548082,1.500189012,1.438891667,1.395791458
591,1.50092351,1.522646339,1.433007954,1.427548082,1.500189012,1.438891667,1.395791458
592,1.50092351,1.522646339,1.433007954,1.427548082,1.501837512,1.438891667,1.395791458
593,1.502097129,1.522646339,1.433007954,1.427548082,1.501837512,1.438891667,1.395791458
594,1.502097129,1.522646339,1.433007954,1.427548082,1.500902563,1.438891667,1.395791458
595,1.502097129,1.522646339,1.433007954,1.427548082,1.502526144,1.438891667,1.395791458
596,1.501626625,1.522646339,1.433007954,1.427548082,1.502526144,1.438891667,1.395791458
597,1.500179386,1.522646339,1.433007954,1.427548082,1.502526144,1.438891667,1.395791458
598,1.500974673,1.522646339,1.433007954,1.427548082,1.502526144,1.438891667,1.395791458
599,1.502143988,1.522646339,1.433007954,1.427548082,1.502526144,1.438891667,1.395791458
600,1.505806038,1.522646339,1.433007954,1.427548082,1.502526144,1.438891667,1.395791458
601,1.505806038,1.522646339,1.433007954,1.427548082,1.504223517,1.438891667,1.395791458
602,1.505806038,1.522646339,1.433007954,1.427548082,1.505794565,1.438891667,1.395791458
603,1.505806038,1.522646339,1.433007954,1.427548082,1.507321269,1.438891667,1.395791458
604,1.506907107,1.522646339,1.433007954,1.427548082,1.507321269,1.438891667,1.395791458
605,1.50831289,1.522646339,1.433007954,1.427548082,1.507321269,1.438891667,1.395791458
606,1.50831289,1.522646339,1.433007954,1.427548082,1.508903997,1.438891667,1.395791458
607,1.509400782,1.522646339,1.433007954,1.427548082,1.508903997,1.438891667,1.395791458
608,1.509400782,1.522646339,1.433007954,1.427548082,1.510402313,1.438891667,1.395791458
609,1.510473668,1.522646339,1.433007954,1.427548082,1.510402313,1.438891667,1.395791458
610,1.510473668,1.522646339,1.433007954,1.427548082,1.511746803,1.438891667,1.395791458
611,1.511521815,1.522646339,1.433007954,1.427548082,1.511746803,1.438891667,1.395791458
612,1.512545247,1.522646339,1.433007954,1.427548082,1.511746803,1.438891667,1.395791458
613,1.512545247,1.522646339,1.433007954,1.427548082,1.513203333,1.438891667,1.395791458
614,1.515359981,1.522646339,1.433007954,1.427548082,1.513203333,1.438891667,1.395791458
615,1.515359981,1.522646339,1.433007954,1.427548082,1.514652199,1.438891667,1.395791458
616,1.515359981,1.522646339,1.433007954,1.427548082,1.516015817,1.438891667,1.395791458
617,1.515817466,1.522646339,1.433007954,1.427548082,1.516015817,1.438891667,1.395791458
618,1.51680994,1.522646339,1.433007954,1.427548082,1.516015817,1.438891667,1.395791458
619,1.51680994,1.522646339,1.433007954,1.427548082,1.517793987,1.438891667,1.395791458
620,1.517796188,1.522646339,1.433007954,1.427548082,1.517793987,1.438891667,1.395791458
621,1.517796188,1.522646339,1.433007954,1.427548082,1.519172714,1.438891667,1.395791458
622,1.519568842,1.522646339,1.433007954,1.427548082,1.519172714,1.438891667,1.395791458
623,1.519568842,1.522646339,1.433007954,1.427548082,1.520457669,1.438891667,1.395791458
624,1.520521476,1.522646339,1.433007954,1.427548082,1.520457669,1.438891667,1.395791458
625,1.520521476,1.522646339,1.433007954,1.427548082,1.522146867,1.438891667,1.395791458
626,1.521294494,1.522646339,1.433007954,1.427548082,1.522146867,1.438891667,1.395791458
627,1.522230537,1.522646339,1.433007954,1.427548082,1.522146867,1.438891667,1.395791458
628,1.522230537,1.522646339,1.433007954,1.427548082,1.52701469,1.438891667,1.395791458
629,1.523166893,1.522646339,1.433007954,1.427548082,1.52701469,1.438891667,1.395791458
630,1.523166893,1.552546251,1.433007954,1.427548082,1.52701469,1.438891667,1.395791458
631,1.52412762,1.552546251,1.433007954,1.427548082,1.52701469,1.438891667,1.395791458
632,1.524983342,1.552546251,1.433007954,1.427548082,1.52701469,1.438891667,1.395791458
633,1.525714968,1.552546251,1.433007954,1.427548082,1.52701469,1.438891667,1.395791458
634,1.526580091,1.552546251,1.433007954,1.427548082,1.52701469,1.438891667,1.395791458
635,1.527385008,1.552546251,1.433007954,1.427548082,1.52701469,1.438891667,1.395791458
636,1.527385008,1.552546251,1.433007954,1.427548082,1.528180552,1.438891667,1.395791458
637,1.528225919,1.552546251,1.433007954,1.427548082,1.528180552,1.438891667,1.395791458
638,1.528225919,1.552546251,1.433007954,1.427548082,1.52929188,1.438891667,1.395791458
639,1.528952465,1.552546251,1.433007954,1.427548082,1.52929188,1.438891667,1.395791458
640,1.529519154,1.552546251,1.433007954,1.427548082,1.52929188,1.438891667,1.395791458
641,1.529519154,1.552546251,1.433007954,1.427548082,1.530526486,1.438891667,1.395791458
642,1.530388125,1.552546251,1.433007954,1.427548082,1.530526486,1.438891667,1.395791458
643,1.531169562,1.552546251,1.433007954,1.427548082,1.530526486,1.438891667,1.395791458
644,1.531169562,1.552546251,1.433007954,1.427548082,1.531865131,1.438891667,1.395791458
645,1.53181027,1.552546251,1.433007954,1.427548082,1.531865131,1.438891667,1.395791458
646,1.532795432,1.552546251,1.433007954,1.427548082,1.531865131,1.438891667,1.395791458
647,1.532795432,1.552546251,1.433007954,1.427548082,1.532619398,1.438891667,1.395791458
648,1.532795432,1.552546251,1.433007954,1.427548082,1.533779383,1.438891667,1.395791458
649,1.533576572,1.552546251,1.433007954,1.427548082,1.533779383,1.438891667,1.395791458
650,1.534303,1.552546251,1.433007954,1.427548082,1.533779383,1.438891667,1.395791458
651,1.534303,1.552546251,1.433007954,1.427548082,1.534931672,1.438891667,1.395791458
652,1.535049478,1.552546251,1.433007954,1.427548082,1.534931672,1.438891667,1.395791458
653,1.535049478,1.552546251,1.433007954,1.427548082,1.536032592,1.438891667,1.395791458
654,1.535783241,1.552546251,1.433007954,1.427548082,1.536032592,1.438891667,1.395791458
655,1.536344981,1.552546251,1.433007954,1.427548082,1.536032592,1.438891667,1.395791458
656,1.536344981,1.552546251,1.433007954,1.427548082,1.53721564,1.438891667,1.395791458
657,1.536983846,1.552546251,1.433007954,1.427548082,1.53721564,1.438891667,1.395791458
658,1.537122661,1.552546251,1.433007954,1.427548082,1.53721564,1.438891667,1.395791458
659,1.537811036,1.552546251,1.433007954,1.427548082,1.53721564,1.438891667,1.395791458
660,1.537811036,1.552546251,1.433007954,1.427548082,1.538264735,1.438891667,1.395791458
661,1.538594524,1.552546251,1.433007954,1.427548082,1.538264735,1.438891667,1.395791458
662,1.538594524,1.552546251,1.433007954,1.427548082,1.539316098,1.438891667,1.395791458
663,1.539272114,1.552546251,1.433007954,1.427548082,1.539316098,1.438891667,1.395791458
664,1.539785697,1.552546251,1.433007954,1.427548082,1.539316098,1.438891667,1.395791458
665,1.539785697,1.552546251,1.433007954,1.427548082,1.540417669,1.438891667,1.395791458
666,1.540418046,1.552546251,1.433007954,1.427548082,1.540417669,1.438891667,1.395791458
667,1.540418046,1.552546251,1.433007954,1.427548082,1.541443956,1.438891667,1.395791458
668,1.54105415,1.552546251,1.433007954,1.427548082,1.541443956,1.438891667,1.395791458
669,1.540571648,1.552546251,1.433007954,1.427548082,1.541443956,1.438891667,1.395791458
670,1.541165612,1.552546251,1.433007954,1.427548082,1.541443956,1.438891667,1.395791458
671,1.541827953,1.552546251,1.433007954,1.427548082,1.541443956,1.438891667,1.395791458
672,1.541827953,1.552546251,1.433007954,1.427548082,1.542450871,1.438891667,1.395791458
673,1.545825924,1.552546251,1.433007954,1.427548082,1.542450871,1.438891667,1.395791458
674,1.545825924,1.552546251,1.433007954,1.427548082,1.543135328,1.438891667,1.395791458
675,1.545825924,1.552546251,1.433007954,1.427548082,1.544128978,1.438891667,1.395791458
676,1.545825924,1.552546251,1.433007954,1.427548082,1.545126872,1.438891667,1.395791458
677,1.545825924,1.552546251,1.433007954,1.427548082,1.54612061,1.438891667,1.395791458
678,1.546729466,1.552546251,1.433007954,1.427548082,1.54612061,1.438891667,1.395791458
679,1.546729466,1.552546251,1.433007954,1.427548082,1.547138576,1.438891667,1.395791458
680,1.551862699,1.552546251,1.433007954,1.427548082,1.547138576,1.438891667,1.395791458
681,1.551862699,1.552546251,1.433007954,1.427548082,1.548061462,1.438891667,1.395791458
682,1.551862699,1.552546251,1.433007954,1.427548082,1.548961143,1.438891667,1.395791458
683,1.551862699,1.552546251,1.433007954,1.427548082,1.549835714,1.438891667,1.395791458
684,1.551862699,1.552546251,1.433007954,1.427548082,1.550663874,1.438891667,1.395791458
685,1.551862699,1.552546251,1.433007954,1.427548082,1.55154542,1.438891667,1.395791458
686,1.551862699,1.552546251,1.433007954,1.427548082,1.55246779,1.438891667,1.395791458
687,1.55275449,1.552546251,1.433007954,1.427548082,1.55246779,1.438891667,1.395791458
688,1.55275449,1.552546251,1.433007954,1.427548082,1.553381406,1.438891667,1.395791458
689,1.55275449,1.616853178,1.433007954,1.427548082,1.553381406,1.438891667,1.395791458
690,1.55308767,1.616853178,1.433007954,1.427548082,1.553381406,1.438891667,1.395791458
691,1.553212745,1.616853178,1.433007954,1.427548082,1.553381406,1.438891667,1.395791458
692,1.554827574,1.616853178,1.433007954,1.427548082,1.553381406,1.438891667,1.395791458
693,1.554827574,1.616853178,1.433007954,1.427548082,1.551041928,1.438891667,1.395791458
694,1.554827574,1.616853178,1.433007954,1.427548082,1.551881978,1.438891667,1.395791458
695,1.554827574,1.616853178,1.433007954,1.427548082,1.552754123,1.438891667,1.395791458
696,1.554827574,1.616853178,1.433007954,1.427548082,1.553599947,1.438891667,1.395791458
697,1.554827574,1.616853178,1.433007954,1.427548082,1.55443103,1.438891667,1.395791458
698,1.554827574,1.616853178,1.433007954,1.427548082,1.555230736,1.438891667,1.395791458
699,1.556331075,1.616853178,1.433007954,1.427548082,1.555230736,1.438891667,1.395791458
700,1.556331075,1.616853178,1.433007954,1.427548082,1.556034631,1.438891667,1.395791458
701,1.556331075,1.616853178,1.433007954,1.427548082,1.556883875,1.438891667,1.395791458
702,1.556624175,1.616853178,1.433007954,1.427548082,1.556883875,1.438891667,1.395791458
703,1.557176788,1.616853178,1.433007954,1.427548082,1.556883875,1.438891667,1.395791458
704,1.557176788,1.616853178,1.433007954,1.427548082,1.557869446,1.438891667,1.395791458
705,1.557680486,1.616853178,1.433007954,1.427548082,1.557869446,1.438891667,1.395791458
706,1.558241713,1.616853178,1.433007954,1.427548082,1.557869446,1.438891667,1.395791458
707,1.558241713,1.616853178,1.433007954,1.427548082,1.558528264,1.438891667,1.395791458
708,1.55881396,1.616853178,1.433007954,1.427548082,1.558528264,1.438891667,1.395791458
709,1.55881396,1.616853178,1.433007954,1.427548082,1.5592601,1.438891667,1.395791458
710,1.559363597,1.616853178,1.433007954,1.427548082,1.5592601,1.438891667,1.395791458
711,1.559363597,1.616853178,1.433007954,1.427548082,1.56311517,1.438891667,1.395791458
712,1.559852032,1.616853178,1.433007954,1.427548082,1.56311517,1.438891667,1.395791458
713,1.560130822,1.616853178,1.433007954,1.427548082,1.56311517,1.438891667,1.395791458
714,1.560624316,1.616853178,1.433007954,1.427548082,1.56311517,1.438891667,1.395791458
715,1.561117048,1.616853178,1.433007954,1.427548082,1.56311517,1.438891667,1.395791458
716,1.56157147,1.616853178,1.433007954,1.427548082,1.56311517,1.438891667,1.395791458
717,1.562049994,1.616853178,1.433007954,1.427548082,1.56311517,1.438891667,1.395791458
718,1.562512214,1.616853178,1.433007954,1.427548082,1.56311517,1.438891667,1.395791458
719,1.56295581,1.616853178,1.433007954,1.427548082,1.56311517,1.438891667,1.395791458
720,1.56339907,1.616853178,1.433007954,1.427548082,1.56311517,1.438891667,1.395791458
721,1.56339907,1.616853178,1.433007954,1.427548082,1.563807962,1.438891667,1.395791458
722,1.563632978,1.616853178,1.433007954,1.427548082,1.563807962,1.438891667,1.395791458
723,1.564043611,1.616853178,1.433007954,1.427548082,1.563807962,1.438891667,1.395791458
724,1.564043611,1.616853178,1.433007954,1.427548082,1.564255576,1.438891667,1.395791458
725,1.564443965,1.616853178,1.433007954,1.427548082,1.564255576,1.438891667,1.395791458
726,1.564443965,1.616853178,1.433007954,1.427548082,1.564949485,1.438891667,1.395791458
727,1.564825709,1.616853178,1.433007954,1.427548082,1.564949485,1.438891667,1.395791458
728,1.565214847,1.616853178,1.433007954,1.427548082,1.564949485,1.438891667,1.395791458
729,1.565214847,1.616853178,1.433007954,1.427548082,1.565625269,1.438891667,1.395791458
730,1.565588831,1.616853178,1.433007954,1.427548082,1.565625269,1.438891667,1.395791458
731,1.565993972,1.616853178,1.433007954,1.427548082,1.565625269,1.438891667,1.395791458
732,1.565993972,1.616853178,1.433007954,1.427548082,1.566297469,1.438891667,1.395791458
733,1.566038209,1.616853178,1.433007954,1.427548082,1.566297469,1.438891667,1.395791458
734,1.568240537,1.616853178,1.433007954,1.427548082,1.566297469,1.438891667,1.395791458
735,1.568240537,1.616853178,1.433007954,1.427548082,1.566943364,1.438891667,1.395791458
736,1.568240537,1.616853178,1.433007954,1.427548082,1.567613302,1.438891667,1.395791458
737,1.568240537,1.616853178,1.433007954,1.427548082,1.568023531,1.438891667,1.395791458
738,1.568240537,1.616853178,1.433007954,1.427548082,1.567332995,1.438891667,1.395791458
739,1.568240537,1.616853178,1.433007954,1.427548082,1.567968353,1.438891667,1.395791458
740,1.568240537,1.616853178,1.433007954,1.427548082,1.568625314,1.438891667,1.395791458
741,1.568368781,1.616853178,1.433007954,1.427548082,1.568625314,1.438891667,1.395791458
742,1.568706538,1.616853178,1.433007954,1.427548082,1.568625314,1.438891667,1.395791458
743,1.568706538,1.616853178,1.433007954,1.427548082,1.569244156,1.438891667,1.395791458
744,1.569013675,1.616853178,1.433007954,1.427548082,1.569244156,1.438891667,1.395791458
745,1.569344903,1.616853178,1.433007954,1.427548082,1.569244156,1.438891667,1.395791458
746,1.569344903,1.616853178,1.433007954,1.427548082,1.569949864,1.438891667,1.395791458
747,1.569572608,1.616853178,1.433007954,1.427548082,1.569949864,1.438891667,1.395791458
748,1.569911242,1.616853178,1.433007954,1.427548082,1.569949864,1.438891667,1.395791458
749,1.570183577,1.616853178,1.433007954,1.427548082,1.569949864,1.438891667,1.395791458
750,1.570183577,1.616853178,1.433007954,1.427548082,1.569512008,1.438891667,1.395791458
751,1.570183577,1.616853178,1.433007954,1.427548082,1.570100475,1.438891667,1.395791458
752,1.570183577,1.616853178,1.433007954,1.427548082,1.57070401,1.438891667,1.395791458
753,1.570470198,1.616853178,1.433007954,1.427548082,1.57070401,1.438891667,1.395791458
754,1.570564713,1.616853178,1.433007954,1.427548082,1.57070401,1.438891667,1.395791458
755,1.570806033,1.616853178,1.433007954,1.427548082,1.57070401,1.438891667,1.395791458
756,1.570806033,1.616853178,1.433007954,1.427548082,1.571302149,1.438891667,1.395791458
757,1.571042495,1.616853178,1.433007954,1.427548082,1.571302149,1.438891667,1.395791458
758,1.571246434,1.616853178,1.433007954,1.427548082,1.571302149,1.438891667,1.395791458
759,1.572550403,1.616853178,1.433007954,1.427548082,1.571302149,1.438891667,1.395791458
760,1.572550403,1.616853178,1.433007954,1.427548082,1.571900362,1.438891667,1.395791458
761,1.572550403,1.616853178,1.433007954,1.427548082,1.57249605,1.438891667,1.395791458
762,1.572550403,1.616853178,1.433007954,1.427548082,1.573157379,1.438891667,1.395791458
763,1.572632736,1.616853178,1.433007954,1.427548082,1.573157379,1.438891667,1.395791458
764,1.574992602,1.616853178,1.433007954,1.427548082,1.573157379,1.438891667,1.395791458
765,1.574992602,1.616853178,1.433007954,1.427548082,1.573698846,1.438891667,1.395791458
766,1.574992602,1.616853178,1.433007954,1.427548082,1.57424911,1.438891667,1.395791458
767,1.574992602,1.616853178,1.433007954,1.427548082,1.574752735,1.438891667,1.395791458
768,1.574992602,1.616853178,1.433007954,1.427548082,1.575239586,1.438891667,1.395791458
769,1.575174675,1.616853178,1.433007954,1.427548082,1.575239586,1.438891667,1.395791458
770,1.575995024,1.616853178,1.433007954,1.427548082,1.575239586,1.438891667,1.395791458
771,1.575995024,1.616853178,1.433007954,1.427548082,1.575763473,1.438891667,1.395791458
772,1.575995024,1.616853178,1.433007954,1.427548082,1.576012123,1.438891667,1.395791458
773,1.575813373,1.616853178,1.433007954,1.427548082,1.576012123,1.438891667,1.395791458
774,1.575949423,1.616853178,1.433007954,1.427548082,1.576012123,1.438891667,1.395791458
775,1.575974086,1.616853178,1.433007954,1.427548082,1.576012123,1.438891667,1.395791458
776,1.576083819,1.616853178,1.433007954,1.427548082,1.576012123,1.438891667,1.395791458
777,1.576083819,1.616853178,1.433007954,1.427548082,1.576496084,1.438891667,1.395791458
778,1.576056527,1.616853178,1.433007954,1.427548082,1.576496084,1.438891667,1.395791458
779,1.576171511,1.616853178,1.433007954,1.427548082,1.576496084,1.438891667,1.395791458
780,1.576433053,1.616853178,1.433007954,1.427548082,1.576496084,1.438891667,1.395791458
781,1.576876577,1.616853178,1.433007954,1.427548082,1.576496084,1.438891667,1.395791458
782,1.576876577,1.616853178,1.433007954,1.427548082,1.576969809,1.438891667,1.395791458
783,1.576811893,1.616853178,1.433007954,1.427548082,1.576969809,1.438891667,1.395791458
784,1.576954092,1.616853178,1.433007954,1.427548082,1.576969809,1.438891667,1.395791458
785,1.579792338,1.616853178,1.433007954,1.427548082,1.576969809,1.438891667,1.395791458
786,1.579792338,1.616853178,1.433007954,1.427548082,1.577389696,1.438891667,1.395791458
787,1.579792338,1.616853178,1.433007954,1.427548082,1.577875209,1.438891667,1.395791458
788,1.579792338,1.616853178,1.433007954,1.427548082,1.578338123,1.438891667,1.395791458
789,1.579792338,1.616853178,1.433007954,1.427548082,1.57877211,1.438891667,1.395791458
790,1.579792338,1.616853178,1.433007954,1.427548082,1.579242074,1.438891667,1.395791458
791,1.579792338,1.616853178,1.433007954,1.427548082,1.579702131,1.438891667,1.395791458
792,1.579792338,1.616853178,1.433007954,1.427548082,1.580131111,1.438891667,1.395791458
793,1.57968884,1.616853178,1.433007954,1.427548082,1.580131111,1.438891667,1.395791458
794,1.579791015,1.616853178,1.433007954,1.427548082,1.580131111,1.438891667,1.395791458
795,1.579910061,1.616853178,1.433007954,1.427548082,1.580131111,1.438891667,1.395791458
796,1.579920798,1.616853178,1.433007954,1.427548082,1.580131111,1.438891667,1.395791458
797,1.57976385,1.616853178,1.433007954,1.427548082,1.580131111,1.438891667,1.395791458
798,1.579715799,1.616853178,1.433007954,1.427548082,1.580131111,1.438891667,1.395791458
799,1.579318868,1.616853178,1.433007954,1.427548082,1.580131111,1.438891667,1.395791458
800,1.579361201,1.616853178,1.433007954,1.427548082,1.580131111,1.438891667,1.395791458
801,1.5794411,1.616853178,1.433007954,1.427548082,1.580131111,1.438891667,1.395791458
802,1.579412975,1.616853178,1.433007954,1.427548082,1.580131111,1.438891667,1.395791458
803,1.579472404,1.616853178,1.433007954,1.427548082,1.580131111,1.438891667,1.395791458
804,1.582562619,1.616853178,1.433007954,1.427548082,1.580131111,1.438891667,1.395791458
805,1.582562619,1.616853178,1.433007954,1.427548082,1.580552425,1.438891667,1.395791458
806,1.582562619,1.616853178,1.433007954,1.427548082,1.580887697,1.438891667,1.395791458
807,1.582562619,1.616853178,1.433007954,1.427548082,1.581303829,1.438891667,1.395791458
808,1.582562619,1.616853178,1.433007954,1.427548082,1.581532325,1.438891667,1.395791458
809,1.582562619,1.616853178,1.433007954,1.427548082,1.584431546,1.438891667,1.395791458
810,1.582445568,1.616853178,1.433007954,1.427548082,1.584431546,1.438891667,1.395791458
811,1.582500855,1.616853178,1.433007954,1.427548082,1.584431546,1.438891667,1.395791458
812,1.584156254,1.616853178,1.433007954,1.427548082,1.584431546,1.438891667,1.395791458
813,1.58444095,1.616853178,1.433007954,1.427548082,1.584431546,1.438891667,1.395791458
814,1.58444095,1.616853178,1.433007954,1.427548082,1.584717667,1.438891667,1.395791458
815,1.584339896,1.616853178,1.433007954,1.427548082,1.584717667,1.438891667,1.395791458
816,1.58439283,1.616853178,1.433007954,1.427548082,1.584717667,1.438891667,1.395791458
817,1.584434202,1.616853178,1.433007954,1.427548082,1.584717667,1.438891667,1.395791458
818,1.584409321,1.616853178,1.433007954,1.427548082,1.584717667,1.438891667,1.395791458
819,1.584376284,1.616853178,1.433007954,1.427548082,1.584717667,1.438891667,1.395791458
820,1.584239071,1.616853178,1.433007954,1.427548082,1.584717667,1.438891667,1.395791458
821,1.584043655,1.616853178,1.433007954,1.427548082,1.584717667,1.438891667,1.395791458
822,1.584060912,1.616853178,1.433007954,1.427548082,1.584717667,1.438891667,1.395791458
823,1.584111389,1.616853178,1.433007954,1.427548082,1.584717667,1.438891667,1.395791458
824,1.583985547,1.616853178,1.433007954,1.427548082,1.584717667,1.438891667,1.395791458
825,1.583817019,1.616853178,1.433007954,1.427548082,1.584717667,1.438891667,1.395791458
826,1.583796751,1.616853178,1.433007954,1.427548082,1.584717667,1.438891667,1.395791458
827,1.583823569,1.616853178,1.433007954,1.427548082,1.584717667,1.438891667,1.395791458
828,1.583011761,1.616853178,1.433007954,1.427548082,1.584717667,1.438891667,1.395791458
829,1.58296761,1.616853178,1.433007954,1.427548082,1.584717667,1.438891667,1.395791458
830,1.582389223,1.616853178,1.433007954,1.427548082,1.584717667,1.438891667,1.395791458
831,1.580905592,1.616853178,1.433007954,1.427548082,1.584717667,1.438891667,1.395791458
832,1.580706233,1.616853178,1.433007954,1.427548082,1.584717667,1.438891667,1.395791458
833,1.580706233,1.616853178,1.433007954,1.427548082,1.585075609,1.438891667,1.395791458
834,1.580706233,1.616853178,1.433007954,1.427548082,1.585479283,1.438891667,1.395791458
835,1.580706233,1.616853178,1.433007954,1.427548082,1.585831495,1.438891667,1.395791458
836,1.580706233,1.616853178,1.433007954,1.427548082,1.586165555,1.438891667,1.395791458
837,1.580706233,1.616853178,1.433007954,1.427548082,1.58634771,1.438891667,1.395791458
838,1.580706233,1.616853178,1.433007954,1.427548082,1.58672019,1.438891667,1.395791458
839,1.580706233,1.616853178,1.433007954,1.427548082,1.586971822,1.438891667,1.395791458
840,1.580706233,1.616853178,1.433007954,1.427548082,1.586059794,1.438891667,1.395791458
841,1.580706233,1.616853178,1.433007954,1.427548082,1.586366479,1.438891667,1.395791458
842,1.580706233,1.616853178,1.433007954,1.427548082,1.58666535,1.438891667,1.395791458
843,1.580706233,1.616853178,1.433007954,1.427548082,1.586966147,1.438891667,1.395791458
844,1.580706233,1.616853178,1.433007954,1.427548082,1.587253305,1.438891667,1.395791458
845,1.580706233,1.616853178,1.433007954,1.427548082,1.587600912,1.438891667,1.395791458
846,1.580706233,1.616853178,1.433007954,1.427548082,1.587845751,1.438891667,1.395791458
847,1.580706233,1.616853178,1.433007954,1.427548082,1.588091856,1.438891667,1.395791458
848,1.580706233,1.616853178,1.433007954,1.427548082,1.588364504,1.438891667,1.395791458
849,1.580706233,1.616853178,1.433007954,1.427548082,1.588610959,1.438891667,1.395791458
850,1.580706233,1.616853178,1.433007954,1.427548082,1.588871793,1.438891667,1.395791458
851,1.580706233,1.616853178,1.433007954,1.427548082,1.589103651,1.438891667,1.395791458
852,1.580706233,1.616853178,1.433007954,1.427548082,1.58887896,1.438891667,1.395791458
853,1.580706233,1.616853178,1.433007954,1.427548082,1.589058733,1.438891667,1.395791458
854,1.580706233,1.616853178,1.433007954,1.427548082,1.589265352,1.438891667,1.395791458
855,1.580706233,1.616853178,1.433007954,1.427548082,1.589496954,1.438891667,1.395791458
856,1.580706233,1.616853178,1.433007954,1.427548082,1.589435648,1.438891667,1.395791458
857,1.580706233,1.616853178,1.433007954,1.427548082,1.589620204,1.438891667,1.395791458
858,1.580706233,1.616853178,1.433007954,1.427548082,1.589746688,1.438891667,1.395791458
859,1.580706233,1.616853178,1.433007954,1.427548082,1.589920595,1.438891667,1.395791458
860,1.580706233,1.616853178,1.433007954,1.427548082,1.5900997,1.438891667,1.395791458
861,1.580706233,1.616853178,1.433007954,1.427548082,1.590116486,1.438891667,1.395791458
862,1.580706233,1.616853178,1.433007954,1.427548082,1.590216842,1.438891667,1.395791458
863,1.580706233,1.616853178,1.433007954,1.427548082,1.590154295,1.438891667,1.395791458
864,1.580706233,1.616853178,1.433007954,1.427548082,1.590045425,1.438891667,1.395791458
865,1.580706233,1.616853178,1.433007954,1.427548082,1.590194422,1.438891667,1.395791458
866,1.580706233,1.616853178,1.433007954,1.427548082,1.59025727,1.438891667,1.395791458
867,1.580706233,1.616853178,1.433007954,1.427548082,1.590361069,1.438891667,1.395791458
868,1.580706233,1.616853178,1.433007954,1.427548082,1.590659768,1.438891667,1.395791458
869,1.580706233,1.616853178,1.433007954,1.427548082,1.590715212,1.438891667,1.395791458
870,1.580706233,1.616853178,1.433007954,1.427548082,1.5906685,1.438891667,1.395791458
871,1.580706233,1.616853178,1.433007954,1.427548082,1.590794074,1.438891667,1.395791458
872,1.580706233,1.616853178,1.433007954,1.427548082,1.590920076,1.438891667,1.395791458
873,1.580706233,1.616853178,1.433007954,1.427548082,1.593409964,1.438891667,1.395791458
874,1.580706233,1.616853178,1.433007954,1.427548082,1.597120451,1.438891667,1.395791458
875,1.580706233,1.616853178,1.433007954,1.427548082,1.596980935,1.438891667,1.395791458
876,1.580706233,1.616853178,1.433007954,1.427548082,1.596772637,1.438891667,1.395791458
877,1.580706233,1.616853178,1.433007954,1.427548082,1.596879375,1.438891667,1.395791458
878,1.580706233,1.616853178,1.433007954,1.427548082,1.596917758,1.438891667,1.395791458
879,1.580706233,1.616853178,1.433007954,1.427548082,1.596862721,1.438891667,1.395791458
880,1.580706233,1.616853178,1.433007954,1.427548082,1.596921843,1.438891667,1.395791458
881,1.580706233,1.616853178,1.433007954,1.427548082,1.597021478,1.438891667,1.395791458
882,1.580706233,1.616853178,1.433007954,1.427548082,1.596756029,1.438891667,1.395791458
883,1.580706233,1.616853178,1.433007954,1.427548082,1.595991452,1.438891667,1.395791458
884,1.580706233,1.616853178,1.433007954,1.427548082,1.596113642,1.438891667,1.395791458
885,1.580706233,1.616853178,1.433007954,1.427548082,1.596160683,1.438891667,1.395791458
886,1.580706233,1.616853178,1.433007954,1.427548082,1.595666773,1.438891667,1.395791458
887,1.580706233,1.616853178,1.433007954,1.427548082,1.59577085,1.438891667,1.395791458
888,1.580706233,1.616853178,1.433007954,1.427548082,1.595648145,1.438891667,1.395791458
889,1.580706233,1.616853178,1.433007954,1.427548082,1.595638605,1.438891667,1.395791458
890,1.580706233,1.616853178,1.433007954,1.427548082,1.595697044,1.438891667,1.395791458
891,1.580706233,1.616853178,1.433007954,1.427548082,1.595744685,1.438891667,1.395791458
892,1.580706233,1.616853178,1.433007954,1.427548082,1.595685217,1.438891667,1.395791458
893,1.580706233,1.616853178,1.433007954,1.427548082,1.594854613,1.438891667,1.395791458
894,1.580706233,1.616853178,1.433007954,1.427548082,1.594903812,1.438891667,1.395791458
895,1.580706233,1.616853178,1.433007954,1.427548082,1.596136858,1.438891667,1.395791458
896,1.580706233,1.616853178,1.433007954,1.427548082,1.597690618,1.438891667,1.395791458
897,1.580706233,1.616853178,1.433007954,1.427548082,1.597375596,1.438891667,1.395791458
898,1.580706233,1.616853178,1.433007954,1.427548082,1.597207157,1.438891667,1.395791458
899,1.580706233,1.616853178,1.433007954,1.427548082,1.596923501,1.438891667,1.395791458
900,1.580706233,1.616853178,1.433007954,1.427548082,1.597023959,1.438891667,1.395791458
901,1.580706233,1.616853178,1.433007954,1.427548082,1.597079293,1.438891667,1.395791458
902,1.580706233,1.616853178,1.433007954,1.427548082,1.595217423,1.438891667,1.395791458
903,1.580706233,1.616853178,1.433007954,1.427548082,1.595071617,1.438891667,1.395791458
904,1.580706233,1.616853178,1.433007954,1.427548082,1.594646199,1.438891667,1.395791458
905,1.580706233,1.616853178,1.433007954,1.427548082,1.594681433,1.438891667,1.395791458
906,1.580706233,1.616853178,1.433007954,1.427548082,1.594748278,1.438891667,1.395791458
907,1.580706233,1.616853178,1.433007954,1.427548082,1.594773811,1.438891667,1.395791458
908,1.580706233,1.616853178,1.433007954,1.427548082,1.594697366,1.438891667,1.395791458
909,1.580706233,1.616853178,1.433007954,1.427548082,1.594441457,1.438891667,1.395791458
910,1.580706233,1.616853178,1.433007954,1.427548082,1.594433457,1.438891667,1.395791458
911,1.580706233,1.616853178,1.433007954,1.427548082,1.594487813,1.438891667,1.395791458
912,1.580706233,1.616853178,1.433007954,1.427548082,1.594552996,1.438891667,1.395791458
913,1.580706233,1.616853178,1.433007954,1.427548082,1.592744098,1.438891667,1.395791458
914,1.580706233,1.616853178,1.433007954,1.427548082,1.592622677,1.438891667,1.395791458
915,1.580706233,1.616853178,1.433007954,1.427548082,1.591972694,1.438891667,1.395791458
916,1.580706233,1.616853178,1.433007954,1.427548082,1.591562586,1.438891667,1.395791458
917,1.580706233,1.616853178,1.433007954,1.427548082,1.593504626,1.438891667,1.395791458
918,1.580706233,1.616853178,1.433007954,1.427548082,1.593495832,1.438891667,1.395791458
919,1.580706233,1.616853178,1.433007954,1.427548082,1.593285187,1.438891667,1.395791458
920,1.580706233,1.616853178,1.433007954,1.427548082,1.593298198,1.438891667,1.395791458
921,1.580706233,1.616853178,1.433007954,1.427548082,1.593334399,1.438891667,1.395791458
922,1.580706233,1.616853178,1.433007954,1.427548082,1.593149488,1.438891667,1.395791458
923,1.580706233,1.616853178,1.433007954,1.427548082,1.593067648,1.438891667,1.395791458
924,1.580706233,1.616853178,1.433007954,1.427548082,1.59302058,1.438891667,1.395791458
925,1.580706233,1.616853178,1.433007954,1.427548082,1.593047843,1.438891667,1.395791458
926,1.580706233,1.616853178,1.433007954,1.427548082,1.592954183,1.438891667,1.395791458
927,1.580706233,1.616853178,1.433007954,1.427548082,1.593000503,1.438891667,1.395791458
928,1.580706233,1.616853178,1.433007954,1.427548082,1.592872055,1.438891667,1.395791458
929,1.580706233,1.616853178,1.433007954,1.427548082,1.592868626,1.438891667,1.395791458
930,1.580706233,1.616853178,1.433007954,1.427548082,1.596856668,1.438891667,1.395791458
931,1.580706233,1.616853178,1.433007954,1.427548082,1.598223843,1.438891667,1.395791458
932,1.580706233,1.616853178,1.433007954,1.427548082,1.598042974,1.438891667,1.395791458
933,1.580706233,1.616853178,1.433007954,1.427548082,1.597580696,1.438891667,1.395791458
934,1.580706233,1.616853178,1.433007954,1.427548082,1.596499954,1.438891667,1.395791458
935,1.580706233,1.616853178,1.433007954,1.427548082,1.596176899,1.438891667,1.395791458
936,1.580706233,1.616853178,1.433007954,1.427548082,1.59764991,1.438891667,1.395791458
937,1.580706233,1.616853178,1.433007954,1.427548082,1.597176474,1.438891667,1.395791458
938,1.580706233,1.616853178,1.433007954,1.427548082,1.596417948,1.438891667,1.395791458
939,1.580706233,1.616853178,1.433007954,1.427548082,1.596466895,1.438891667,1.395791458
940,1.580706233,1.616853178,1.433007954,1.427548082,1.596512989,1.438891667,1.395791458
941,1.580706233,1.616853178,1.433007954,1.427548082,1.59548472,1.438891667,1.395791458
942,1.580706233,1.616853178,1.433007954,1.427548082,1.594825117,1.438891667,1.395791458
943,1.580706233,1.616853178,1.433007954,1.427548082,1.59435287,1.438891667,1.395791458
944,1.580706233,1.616853178,1.433007954,1.427548082,1.594364138,1.438891667,1.395791458
945,1.580706233,1.616853178,1.433007954,1.427548082,1.594121818,1.438891667,1.395791458
946,1.580706233,1.616853178,1.433007954,1.427548082,1.594648097,1.438891667,1.395791458
947,1.580706233,1.616853178,1.433007954,1.427548082,1.594662352,1.438891667,1.395791458
948,1.580706233,1.616853178,1.433007954,1.427548082,1.594460004,1.438891667,1.395791458
949,1.580706233,1.616853178,1.433007954,1.427548082,1.594491021,1.438891667,1.395791458
950,1.580706233,1.616853178,1.433007954,1.427548082,1.594199757,1.438891667,1.395791458
951,1.580706233,1.616853178,1.433007954,1.427548082,1.593301397,1.438891667,1.395791458
952,1.580706233,1.616853178,1.433007954,1.427548082,1.59284689,1.438891667,1.395791458
953,1.580706233,1.616853178,1.433007954,1.427548082,1.592367653,1.438891667,1.395791458
954,1.580706233,1.616853178,1.433007954,1.427548082,1.59232942,1.438891667,1.395791458
